<?xml version="1.0" encoding="utf-8" standalone="yes" ?>
<rss version="2.0" xmlns:atom="http://www.w3.org/2005/Atom">
  <channel>
    <title>Publication_types | Networks Research Group</title>
    <link>https://cse.unl.edu/~netgroup/publication_types/</link>
      <atom:link href="https://cse.unl.edu/~netgroup/publication_types/index.xml" rel="self" type="application/rss+xml" />
    <description>Publication_types</description>
    <generator>Hugo Blox Builder (https://hugoblox.com)</generator><language>en-us</language><lastBuildDate>Thu, 01 Feb 2024 00:00:00 +0000</lastBuildDate>
    <image>
      <url>https://cse.unl.edu/~netgroup/media/icon_hu5a1c805567a24ef7e9ead36543da2319_205837_512x512_fill_lanczos_center_3.png</url>
      <title>Publication_types</title>
      <link>https://cse.unl.edu/~netgroup/publication_types/</link>
    </image>
    
  </channel>
</rss>
