<?xml version="1.0" encoding="utf-8" standalone="yes" ?>
<rss version="2.0" xmlns:atom="http://www.w3.org/2005/Atom">
  <channel>
    <title>Publications | Networks Research Group</title>
    <link>https://cse.unl.edu/~netgroup/publication/</link>
      <atom:link href="https://cse.unl.edu/~netgroup/publication/index.xml" rel="self" type="application/rss+xml" />
    <description>Publications</description>
    <generator>Hugo Blox Builder (https://hugoblox.com)</generator><language>en-us</language><lastBuildDate>Thu, 01 Feb 2024 00:00:00 +0000</lastBuildDate>
    <image>
      <url>https://cse.unl.edu/~netgroup/media/icon_hu5a1c805567a24ef7e9ead36543da2319_205837_512x512_fill_lanczos_center_3.png</url>
      <title>Publications</title>
      <link>https://cse.unl.edu/~netgroup/publication/</link>
    </image>
    
    <item>
      <title>Protection Techniques using Resource Delayed Release for SDN-based OTN over WDM Networks</title>
      <link>https://cse.unl.edu/~netgroup/publication/yavary-mehr-protection-2024/</link>
      <pubDate>Thu, 01 Feb 2024 00:00:00 +0000</pubDate>
      <guid>https://cse.unl.edu/~netgroup/publication/yavary-mehr-protection-2024/</guid>
      <description></description>
    </item>
    
    <item>
      <title>Integrating SimEON with DeepRMSA for Dynamic Network Simulation of Elastic Optical Networks</title>
      <link>https://cse.unl.edu/~netgroup/publication/hu-integrating-2023/</link>
      <pubDate>Tue, 01 Aug 2023 00:00:00 +0000</pubDate>
      <guid>https://cse.unl.edu/~netgroup/publication/hu-integrating-2023/</guid>
      <description></description>
    </item>
    
    <item>
      <title>DyCroNO: Dynamic Cross-layer Network Orchestration and Real-time Deep Learning-based Network Load Prediction</title>
      <link>https://cse.unl.edu/~netgroup/publication/karanam-dycrono-2023/</link>
      <pubDate>Mon, 01 May 2023 00:00:00 +0000</pubDate>
      <guid>https://cse.unl.edu/~netgroup/publication/karanam-dycrono-2023/</guid>
      <description></description>
    </item>
    
    <item>
      <title>Dynamic network simulation using DeepRMSA in Elastic Optical Networks</title>
      <link>https://cse.unl.edu/~netgroup/publication/hu-dynamic-2022/</link>
      <pubDate>Thu, 01 Dec 2022 00:00:00 +0000</pubDate>
      <guid>https://cse.unl.edu/~netgroup/publication/hu-dynamic-2022/</guid>
      <description></description>
    </item>
    
    <item>
      <title>Hierarchical Classic Controllers (HCC) with an Enhanced SVM Method for DDoS Attack Detection in SDN</title>
      <link>https://cse.unl.edu/~netgroup/publication/mehr-hierarchical-2022/</link>
      <pubDate>Thu, 01 Dec 2022 00:00:00 +0000</pubDate>
      <guid>https://cse.unl.edu/~netgroup/publication/mehr-hierarchical-2022/</guid>
      <description></description>
    </item>
    
    <item>
      <title>Cross-Atlantic Experiments on EU-US Test-Beds</title>
      <link>https://cse.unl.edu/~netgroup/publication/sharma-cross-atlantic-2022/</link>
      <pubDate>Thu, 01 Sep 2022 00:00:00 +0000</pubDate>
      <guid>https://cse.unl.edu/~netgroup/publication/sharma-cross-atlantic-2022/</guid>
      <description></description>
    </item>
    
    <item>
      <title>SNAG: SDN-Managed Network Architecture for GridFTP Transfers Using Application-Awareness</title>
      <link>https://cse.unl.edu/~netgroup/publication/nadig-snag-2022/</link>
      <pubDate>Mon, 01 Aug 2022 00:00:00 +0000</pubDate>
      <guid>https://cse.unl.edu/~netgroup/publication/nadig-snag-2022/</guid>
      <description></description>
    </item>
    
    <item>
      <title>Towards Emulation of Intelligent IoT Networks on EU-US Testbeds</title>
      <link>https://cse.unl.edu/~netgroup/publication/sharma-towards-2022/</link>
      <pubDate>Fri, 01 Jul 2022 00:00:00 +0000</pubDate>
      <guid>https://cse.unl.edu/~netgroup/publication/sharma-towards-2022/</guid>
      <description></description>
    </item>
    
    <item>
      <title>Performance of resource delayed release strategy in software-defined OTN over WDM networks for uniform and non-uniform traffic</title>
      <link>https://cse.unl.edu/~netgroup/publication/yavary-mehr-performance-2022/</link>
      <pubDate>Sun, 01 May 2022 00:00:00 +0000</pubDate>
      <guid>https://cse.unl.edu/~netgroup/publication/yavary-mehr-performance-2022/</guid>
      <description></description>
    </item>
    
    <item>
      <title>Future Wireless Networking Experiments Escaping Simulations</title>
      <link>https://cse.unl.edu/~netgroup/publication/sharma-future-2022/</link>
      <pubDate>Fri, 01 Apr 2022 00:00:00 +0000</pubDate>
      <guid>https://cse.unl.edu/~netgroup/publication/sharma-future-2022/</guid>
      <description></description>
    </item>
    
    <item>
      <title>A Contact-Based Classification to Aid Routing in Heterogeneous Wireless Networks</title>
      <link>https://cse.unl.edu/~netgroup/publication/el-alaoui-contact-based-2021/</link>
      <pubDate>Wed, 01 Dec 2021 00:00:00 +0000</pubDate>
      <guid>https://cse.unl.edu/~netgroup/publication/el-alaoui-contact-based-2021/</guid>
      <description></description>
    </item>
    
    <item>
      <title>Improving Service Performance through Multilayer Routing and Service Intelligence in a Network Service Mesh</title>
      <link>https://cse.unl.edu/~netgroup/publication/hu-improving-2021/</link>
      <pubDate>Wed, 01 Dec 2021 00:00:00 +0000</pubDate>
      <guid>https://cse.unl.edu/~netgroup/publication/hu-improving-2021/</guid>
      <description></description>
    </item>
    
    <item>
      <title>Towards simulating dynamic routing and wavelength assignment using GNPy and SIMON</title>
      <link>https://cse.unl.edu/~netgroup/publication/hu-towards-2021/</link>
      <pubDate>Wed, 01 Dec 2021 00:00:00 +0000</pubDate>
      <guid>https://cse.unl.edu/~netgroup/publication/hu-towards-2021/</guid>
      <description></description>
    </item>
    
    <item>
      <title>Cache management for large data transfers and multipath forwarding strategies in Named Data Networking</title>
      <link>https://cse.unl.edu/~netgroup/publication/alhowaidi-cache-2021/</link>
      <pubDate>Mon, 01 Nov 2021 00:00:00 +0000</pubDate>
      <guid>https://cse.unl.edu/~netgroup/publication/alhowaidi-cache-2021/</guid>
      <description></description>
    </item>
    
    <item>
      <title>OneLNK: One Link to Rule Them All: Web-based Wireless Experimentation for Multi-vendor Remotely Accessible Indoor/Outdoor Testbeds</title>
      <link>https://cse.unl.edu/~netgroup/publication/lunar-onelnk-2021/</link>
      <pubDate>Fri, 01 Oct 2021 00:00:00 +0000</pubDate>
      <guid>https://cse.unl.edu/~netgroup/publication/lunar-onelnk-2021/</guid>
      <description></description>
    </item>
    
    <item>
      <title>ERGO: A Scalable Edge Computing Architecture for Infrastructureless Agricultural Internet of Things</title>
      <link>https://cse.unl.edu/~netgroup/publication/nadig-ergo-2021/</link>
      <pubDate>Thu, 01 Jul 2021 00:00:00 +0000</pubDate>
      <guid>https://cse.unl.edu/~netgroup/publication/nadig-ergo-2021/</guid>
      <description></description>
    </item>
    
    <item>
      <title>Protection Techniques For Wavelength Division Multiplexing Networks using Resource Delayed Release Strategy</title>
      <link>https://cse.unl.edu/~netgroup/publication/mehr-protection-2021/</link>
      <pubDate>Thu, 01 Jul 2021 00:00:00 +0000</pubDate>
      <guid>https://cse.unl.edu/~netgroup/publication/mehr-protection-2021/</guid>
      <description></description>
    </item>
    
    <item>
      <title>Dynamic wavelength and bandwidth allocation for supporting diverse customers and prioritized traffic in NG-PON2 networks</title>
      <link>https://cse.unl.edu/~netgroup/publication/hoque-dynamic-2020/</link>
      <pubDate>Tue, 01 Dec 2020 00:00:00 +0000</pubDate>
      <guid>https://cse.unl.edu/~netgroup/publication/hoque-dynamic-2020/</guid>
      <description></description>
    </item>
    
    <item>
      <title>MARS: A Multi-Attribute Routing and Scheduling Algorithm for DTN Interplanetary Networks</title>
      <link>https://cse.unl.edu/~netgroup/publication/el-alaoui-mars-2020/</link>
      <pubDate>Thu, 01 Oct 2020 00:00:00 +0000</pubDate>
      <guid>https://cse.unl.edu/~netgroup/publication/el-alaoui-mars-2020/</guid>
      <description></description>
    </item>
    
    <item>
      <title>Enhancing the SDTMA-NDN architecture for transferring the scientific data software using named data networking</title>
      <link>https://cse.unl.edu/~netgroup/publication/alhowaidi-enhancing-2020/</link>
      <pubDate>Wed, 01 Jan 2020 00:00:00 +0000</pubDate>
      <guid>https://cse.unl.edu/~netgroup/publication/alhowaidi-enhancing-2020/</guid>
      <description></description>
    </item>
    
    <item>
      <title>Resource Allocation and QoS Guarantees for Real World IP Traffic in Integrated XG-PON and IEEE802.11e EDCA Networks</title>
      <link>https://cse.unl.edu/~netgroup/publication/kaur-resource-2020/</link>
      <pubDate>Wed, 01 Jan 2020 00:00:00 +0000</pubDate>
      <guid>https://cse.unl.edu/~netgroup/publication/kaur-resource-2020/</guid>
      <description></description>
    </item>
    
    <item>
      <title>Supporting Diverse Customers and Prioritized Traffic in Next-Generation Passive Optical Networks</title>
      <link>https://cse.unl.edu/~netgroup/publication/hoque-supporting-2020/</link>
      <pubDate>Wed, 01 Jan 2020 00:00:00 +0000</pubDate>
      <guid>https://cse.unl.edu/~netgroup/publication/hoque-supporting-2020/</guid>
      <description></description>
    </item>
    
    <item>
      <title>An SVM Based DDoS Attack Detection Method for Ryu SDN Controller</title>
      <link>https://cse.unl.edu/~netgroup/publication/mehr-svm-2019/</link>
      <pubDate>Sun, 01 Dec 2019 00:00:00 +0000</pubDate>
      <guid>https://cse.unl.edu/~netgroup/publication/mehr-svm-2019/</guid>
      <description></description>
    </item>
    
    <item>
      <title>Analyzing Malicious URLs using a Threat Intelligence System</title>
      <link>https://cse.unl.edu/~netgroup/publication/nayak-analyzing-2019/</link>
      <pubDate>Sun, 01 Dec 2019 00:00:00 +0000</pubDate>
      <guid>https://cse.unl.edu/~netgroup/publication/nayak-analyzing-2019/</guid>
      <description></description>
    </item>
    
    <item>
      <title>Cache Management for Large Data Transfers in Named Data Networking using SDN</title>
      <link>https://cse.unl.edu/~netgroup/publication/alhowaidi-cache-2019/</link>
      <pubDate>Sun, 01 Dec 2019 00:00:00 +0000</pubDate>
      <guid>https://cse.unl.edu/~netgroup/publication/alhowaidi-cache-2019/</guid>
      <description></description>
    </item>
    
    <item>
      <title>STAN&#43;PETRA: A Statistical Analysis Aided Routing Algorithm for QoS in Mission-Driven IoT Networks</title>
      <link>https://cse.unl.edu/~netgroup/publication/el-alaoui-stanpetra-2019/</link>
      <pubDate>Sun, 01 Dec 2019 00:00:00 +0000</pubDate>
      <guid>https://cse.unl.edu/~netgroup/publication/el-alaoui-stanpetra-2019/</guid>
      <description></description>
    </item>
    
    <item>
      <title>APRIL: An Application-Aware, Predictive and Intelligent Load Balancing Solution for Data-Intensive Science</title>
      <link>https://cse.unl.edu/~netgroup/publication/nadig-april-2019/</link>
      <pubDate>Mon, 01 Apr 2019 00:00:00 +0000</pubDate>
      <guid>https://cse.unl.edu/~netgroup/publication/nadig-april-2019/</guid>
      <description></description>
    </item>
    
    <item>
      <title>Towards Measuring Quality of Service in Untrusted Multi-Vendor Service Function Chains: Balancing Security and Resource Consumption</title>
      <link>https://cse.unl.edu/~netgroup/publication/vairam-towards-2019-1/</link>
      <pubDate>Mon, 01 Apr 2019 00:00:00 +0000</pubDate>
      <guid>https://cse.unl.edu/~netgroup/publication/vairam-towards-2019-1/</guid>
      <description></description>
    </item>
    
    <item>
      <title>Towards Measuring Quality of Service in Untrusted Multi-Vendor Service Function Chains: Balancing Security and Resource Consumption</title>
      <link>https://cse.unl.edu/~netgroup/publication/vairam-towards-2019/</link>
      <pubDate>Mon, 01 Apr 2019 00:00:00 +0000</pubDate>
      <guid>https://cse.unl.edu/~netgroup/publication/vairam-towards-2019/</guid>
      <description></description>
    </item>
    
    <item>
      <title>Securing Large-scale Data Transfers in Campus Networks: Experiences, Issues, and Challenges</title>
      <link>https://cse.unl.edu/~netgroup/publication/nadig-securing-2019/</link>
      <pubDate>Fri, 01 Mar 2019 00:00:00 +0000</pubDate>
      <guid>https://cse.unl.edu/~netgroup/publication/nadig-securing-2019/</guid>
      <description></description>
    </item>
    
    <item>
      <title>Automated Inter-Domain Cut-Through Switching for the Future Internet</title>
      <link>https://cse.unl.edu/~netgroup/publication/lara-automated-2018/</link>
      <pubDate>Sat, 01 Dec 2018 00:00:00 +0000</pubDate>
      <guid>https://cse.unl.edu/~netgroup/publication/lara-automated-2018/</guid>
      <description></description>
    </item>
    
    <item>
      <title>Comparative Performance Evaluation of High-performance Data Transfer Tools</title>
      <link>https://cse.unl.edu/~netgroup/publication/nadig-comparative-2018/</link>
      <pubDate>Sat, 01 Dec 2018 00:00:00 +0000</pubDate>
      <guid>https://cse.unl.edu/~netgroup/publication/nadig-comparative-2018/</guid>
      <description></description>
    </item>
    
    <item>
      <title>Large Data Transfer Predictability and Forecasting using Application-Aware SDN</title>
      <link>https://cse.unl.edu/~netgroup/publication/nadig-large-2018/</link>
      <pubDate>Sat, 01 Dec 2018 00:00:00 +0000</pubDate>
      <guid>https://cse.unl.edu/~netgroup/publication/nadig-large-2018/</guid>
      <description></description>
    </item>
    
    <item>
      <title>Multipath Forwarding Strategies and SDN Control for Named Data Networking</title>
      <link>https://cse.unl.edu/~netgroup/publication/alhowaidi-multipath-2018/</link>
      <pubDate>Sat, 01 Dec 2018 00:00:00 +0000</pubDate>
      <guid>https://cse.unl.edu/~netgroup/publication/alhowaidi-multipath-2018/</guid>
      <description></description>
    </item>
    
    <item>
      <title>ApproxBC: Blockchain Design Alternatives for Approximation-Tolerant Resource-Constrained Applications</title>
      <link>https://cse.unl.edu/~netgroup/publication/vairam-approxbc-2018/</link>
      <pubDate>Sat, 01 Sep 2018 00:00:00 +0000</pubDate>
      <guid>https://cse.unl.edu/~netgroup/publication/vairam-approxbc-2018/</guid>
      <description></description>
    </item>
    
    <item>
      <title>Performance Analysis of Fairness Oriented Dynamic Bandwidth Algorithm in Integrated Fiber-Wireless Architecture Based on XG-PON and Wi-Fi</title>
      <link>https://cse.unl.edu/~netgroup/publication/kaur-performance-2018/</link>
      <pubDate>Sun, 01 Jul 2018 00:00:00 +0000</pubDate>
      <guid>https://cse.unl.edu/~netgroup/publication/kaur-performance-2018/</guid>
      <description></description>
    </item>
    
    <item>
      <title>Optimized Service Chain Mapping and reduced flow processing with Application-Awareness</title>
      <link>https://cse.unl.edu/~netgroup/publication/nadig-optimized-2018/</link>
      <pubDate>Fri, 01 Jun 2018 00:00:00 +0000</pubDate>
      <guid>https://cse.unl.edu/~netgroup/publication/nadig-optimized-2018/</guid>
      <description></description>
    </item>
    
    <item>
      <title>N-Look Ahead Routing and Scheduling (N-LARS) for DTN Space Networks</title>
      <link>https://cse.unl.edu/~netgroup/publication/el-alaoui-n-look-2018/</link>
      <pubDate>Tue, 01 May 2018 00:00:00 +0000</pubDate>
      <guid>https://cse.unl.edu/~netgroup/publication/el-alaoui-n-look-2018/</guid>
      <description></description>
    </item>
    
    <item>
      <title>Ease of Use and Acceptability of a Smartphone App for Young, Low-Income Mothers</title>
      <link>https://cse.unl.edu/~netgroup/publication/campbell-grossman-ease-2018/</link>
      <pubDate>Thu, 01 Mar 2018 00:00:00 +0000</pubDate>
      <guid>https://cse.unl.edu/~netgroup/publication/campbell-grossman-ease-2018/</guid>
      <description></description>
    </item>
    
    <item>
      <title>Identifying Anomalies in GridFTP transfers for Data-Intensive Science through Application-Awareness</title>
      <link>https://cse.unl.edu/~netgroup/publication/nadig-identifying-2018/</link>
      <pubDate>Thu, 01 Mar 2018 00:00:00 +0000</pubDate>
      <guid>https://cse.unl.edu/~netgroup/publication/nadig-identifying-2018/</guid>
      <description></description>
    </item>
    
    <item>
      <title>Supporting Dynamic Bandwidth Adjustment Based on Virtual Transport Link in Software-Defined IP Over Optical Networks</title>
      <link>https://cse.unl.edu/~netgroup/publication/zhou-supporting-2018/</link>
      <pubDate>Thu, 01 Mar 2018 00:00:00 +0000</pubDate>
      <guid>https://cse.unl.edu/~netgroup/publication/zhou-supporting-2018/</guid>
      <description></description>
    </item>
    
    <item>
      <title>Differentiated network services for data-intensive science using application-aware SDN</title>
      <link>https://cse.unl.edu/~netgroup/publication/anantha-differentiated-2017/</link>
      <pubDate>Fri, 01 Dec 2017 00:00:00 +0000</pubDate>
      <guid>https://cse.unl.edu/~netgroup/publication/anantha-differentiated-2017/</guid>
      <description></description>
    </item>
    
    <item>
      <title>EAODR: A novel routing algorithm based on the Modified Temporal Graph network model for DTN-based Interplanetary Networks</title>
      <link>https://cse.unl.edu/~netgroup/publication/el-alaoui-eaodr-2017/</link>
      <pubDate>Fri, 01 Dec 2017 00:00:00 +0000</pubDate>
      <guid>https://cse.unl.edu/~netgroup/publication/el-alaoui-eaodr-2017/</guid>
      <description></description>
    </item>
    
    <item>
      <title>Resource delayed release strategy for dynamic and fast end-to-end service provisioning in SDN-enabled OTN over WDM networks</title>
      <link>https://cse.unl.edu/~netgroup/publication/zhou-resource-2017/</link>
      <pubDate>Fri, 01 Dec 2017 00:00:00 +0000</pubDate>
      <guid>https://cse.unl.edu/~netgroup/publication/zhou-resource-2017/</guid>
      <description></description>
    </item>
    
    <item>
      <title>SDTMA-NDN: Scientific data transfer management architecture using named data networking</title>
      <link>https://cse.unl.edu/~netgroup/publication/alhowaidi-sdtma-ndn-2017/</link>
      <pubDate>Fri, 01 Dec 2017 00:00:00 +0000</pubDate>
      <guid>https://cse.unl.edu/~netgroup/publication/alhowaidi-sdtma-ndn-2017/</guid>
      <description></description>
    </item>
    
    <item>
      <title>The Case for Using Content-Centric Networking for Distributing High-Energy Physics Software</title>
      <link>https://cse.unl.edu/~netgroup/publication/alhowaidi-case-2017/</link>
      <pubDate>Thu, 01 Jun 2017 00:00:00 +0000</pubDate>
      <guid>https://cse.unl.edu/~netgroup/publication/alhowaidi-case-2017/</guid>
      <description></description>
    </item>
    
    <item>
      <title>Enhanced New Mothers Network Cell Phone Application Intervention: Interdisciplinary Team Development and Lessons Learned</title>
      <link>https://cse.unl.edu/~netgroup/publication/brage-hudson-enhanced-2017/</link>
      <pubDate>Sat, 01 Apr 2017 00:00:00 +0000</pubDate>
      <guid>https://cse.unl.edu/~netgroup/publication/brage-hudson-enhanced-2017/</guid>
      <description></description>
    </item>
    
    <item>
      <title>ScienceSDS: A Novel Software Defined Security Framework for Large-scale Data-intensive Science</title>
      <link>https://cse.unl.edu/~netgroup/publication/nadig-anantha-sciencesds-2017/</link>
      <pubDate>Wed, 01 Mar 2017 00:00:00 +0000</pubDate>
      <guid>https://cse.unl.edu/~netgroup/publication/nadig-anantha-sciencesds-2017/</guid>
      <description></description>
    </item>
    
    <item>
      <title>Dynamic provisioning in virtualized Cloud infrastructure in IP/MPLS-over-WDM networks</title>
      <link>https://cse.unl.edu/~netgroup/publication/alhowaidi-dynamic-2017/</link>
      <pubDate>Sun, 01 Jan 2017 00:00:00 +0000</pubDate>
      <guid>https://cse.unl.edu/~netgroup/publication/alhowaidi-dynamic-2017/</guid>
      <description></description>
    </item>
    
    <item>
      <title>Network-aware virtual data center resource orchestration in an optical data center</title>
      <link>https://cse.unl.edu/~netgroup/publication/yi-network-aware-2017/</link>
      <pubDate>Sun, 01 Jan 2017 00:00:00 +0000</pubDate>
      <guid>https://cse.unl.edu/~netgroup/publication/yi-network-aware-2017/</guid>
      <description></description>
    </item>
    
    <item>
      <title>SNAG: SDN-managed network architecture for GridFTP transfers</title>
      <link>https://cse.unl.edu/~netgroup/publication/deepak-nadig-anantha-snag-2016/</link>
      <pubDate>Tue, 01 Nov 2016 00:00:00 +0000</pubDate>
      <guid>https://cse.unl.edu/~netgroup/publication/deepak-nadig-anantha-snag-2016/</guid>
      <description></description>
    </item>
    
    <item>
      <title>Budget-Optimized Network-Aware Joint Resource Allocation in Grids/Clouds Over Optical Networks</title>
      <link>https://cse.unl.edu/~netgroup/publication/yi-budget-optimized-2016/</link>
      <pubDate>Mon, 01 Aug 2016 00:00:00 +0000</pubDate>
      <guid>https://cse.unl.edu/~netgroup/publication/yi-budget-optimized-2016/</guid>
      <description></description>
    </item>
    
    <item>
      <title>Inter-domain routing with cut-through switching for the MobilityFirst Future Internet architecture</title>
      <link>https://cse.unl.edu/~netgroup/publication/lara-inter-domain-2016/</link>
      <pubDate>Sun, 01 May 2016 00:00:00 +0000</pubDate>
      <guid>https://cse.unl.edu/~netgroup/publication/lara-inter-domain-2016/</guid>
      <description></description>
    </item>
    
    <item>
      <title>MHealthInt: Healthcare intervention using mobile app and Google Cloud Messaging</title>
      <link>https://cse.unl.edu/~netgroup/publication/poyyeri-mhealthint-2016/</link>
      <pubDate>Sun, 01 May 2016 00:00:00 +0000</pubDate>
      <guid>https://cse.unl.edu/~netgroup/publication/poyyeri-mhealthint-2016/</guid>
      <description></description>
    </item>
    
    <item>
      <title>Routing optimization for DTN-based space networks using a temporal graph model</title>
      <link>https://cse.unl.edu/~netgroup/publication/el-alaoui-routing-2016/</link>
      <pubDate>Sun, 01 May 2016 00:00:00 +0000</pubDate>
      <guid>https://cse.unl.edu/~netgroup/publication/el-alaoui-routing-2016/</guid>
      <description></description>
    </item>
    
    <item>
      <title>OpenSec: Policy-Based Security Using Software-Defined Networking</title>
      <link>https://cse.unl.edu/~netgroup/publication/lara-opensec-2016/</link>
      <pubDate>Tue, 01 Mar 2016 00:00:00 +0000</pubDate>
      <guid>https://cse.unl.edu/~netgroup/publication/lara-opensec-2016/</guid>
      <description></description>
    </item>
    
    <item>
      <title>Provisioning virtualized Cloud services in textbar SpringerLink</title>
      <link>https://cse.unl.edu/~netgroup/publication/pan-yi-provisioning-2016/</link>
      <pubDate>Fri, 01 Jan 2016 00:00:00 +0000</pubDate>
      <guid>https://cse.unl.edu/~netgroup/publication/pan-yi-provisioning-2016/</guid>
      <description></description>
    </item>
    
    <item>
      <title>The Interplanetary Internet Implemented on the GENI Testbed</title>
      <link>https://cse.unl.edu/~netgroup/publication/el-alaoui-interplanetary-2015/</link>
      <pubDate>Tue, 01 Dec 2015 00:00:00 +0000</pubDate>
      <guid>https://cse.unl.edu/~netgroup/publication/el-alaoui-interplanetary-2015/</guid>
      <description></description>
    </item>
    
    <item>
      <title>Special Issue: Selected Papers from the Sixth International IEEE Conference on Advanced Networks and Telecommunication Systems (IEEE ANTS 2012)</title>
      <link>https://cse.unl.edu/~netgroup/publication/mukherjee-special-2015/</link>
      <pubDate>Sun, 01 Nov 2015 00:00:00 +0000</pubDate>
      <guid>https://cse.unl.edu/~netgroup/publication/mukherjee-special-2015/</guid>
      <description></description>
    </item>
    
    <item>
      <title>The Interplanetary Internet implemented on a terrestrial testbed</title>
      <link>https://cse.unl.edu/~netgroup/publication/mukherjee-interplanetary-2015/</link>
      <pubDate>Wed, 01 Apr 2015 00:00:00 +0000</pubDate>
      <guid>https://cse.unl.edu/~netgroup/publication/mukherjee-interplanetary-2015/</guid>
      <description></description>
    </item>
    
    <item>
      <title>WAN virtualization and dynamic end-to-end bandwidth provisioning using SDN</title>
      <link>https://cse.unl.edu/~netgroup/publication/lara-wan-2015/</link>
      <pubDate>Sun, 01 Mar 2015 00:00:00 +0000</pubDate>
      <guid>https://cse.unl.edu/~netgroup/publication/lara-wan-2015/</guid>
      <description></description>
    </item>
    
    <item>
      <title>Remote mobile screen (RMS): An approach for secure BYOD environments</title>
      <link>https://cse.unl.edu/~netgroup/publication/gimenez-ocano-remote-2015/</link>
      <pubDate>Sun, 01 Feb 2015 00:00:00 +0000</pubDate>
      <guid>https://cse.unl.edu/~netgroup/publication/gimenez-ocano-remote-2015/</guid>
      <description></description>
    </item>
    
    <item>
      <title>Multi-layer energy savings in optical core networks</title>
      <link>https://cse.unl.edu/~netgroup/publication/liu-multi-layer-2014/</link>
      <pubDate>Mon, 01 Dec 2014 00:00:00 +0000</pubDate>
      <guid>https://cse.unl.edu/~netgroup/publication/liu-multi-layer-2014/</guid>
      <description></description>
    </item>
    
    <item>
      <title>OpenSec: A framework for implementing security policies using OpenFlow</title>
      <link>https://cse.unl.edu/~netgroup/publication/lara-opensec-2014/</link>
      <pubDate>Mon, 01 Dec 2014 00:00:00 +0000</pubDate>
      <guid>https://cse.unl.edu/~netgroup/publication/lara-opensec-2014/</guid>
      <description></description>
    </item>
    
    <item>
      <title>Routing, modulation level and spectrum allocation with dynamic modulation level conversion in elastic optical networks</title>
      <link>https://cse.unl.edu/~netgroup/publication/ding-routing-2014/</link>
      <pubDate>Mon, 01 Dec 2014 00:00:00 +0000</pubDate>
      <guid>https://cse.unl.edu/~netgroup/publication/ding-routing-2014/</guid>
      <description></description>
    </item>
    
    <item>
      <title>Cost-Optimized Joint Resource Allocation in Grids/Clouds With Multilayer Optical Network Architecture</title>
      <link>https://cse.unl.edu/~netgroup/publication/yi-cost-optimized-2014/</link>
      <pubDate>Wed, 01 Oct 2014 00:00:00 +0000</pubDate>
      <guid>https://cse.unl.edu/~netgroup/publication/yi-cost-optimized-2014/</guid>
      <description></description>
    </item>
    
    <item>
      <title>Using OpenFlow to provide cut-through switching in MobilityFirst</title>
      <link>https://cse.unl.edu/~netgroup/publication/lara-using-2014/</link>
      <pubDate>Wed, 01 Oct 2014 00:00:00 +0000</pubDate>
      <guid>https://cse.unl.edu/~netgroup/publication/lara-using-2014/</guid>
      <description></description>
    </item>
    
    <item>
      <title>Balancing Cost and Reliability in the Design of Internet Protocol Backbone Using Agile Optical Networking</title>
      <link>https://cse.unl.edu/~netgroup/publication/ramamurthy-balancing-2014/</link>
      <pubDate>Sun, 01 Jun 2014 00:00:00 +0000</pubDate>
      <guid>https://cse.unl.edu/~netgroup/publication/ramamurthy-balancing-2014/</guid>
      <description></description>
    </item>
    
    <item>
      <title>The GpENI testbed: Network infrastructure, implementation experience, and experimentation</title>
      <link>https://cse.unl.edu/~netgroup/publication/medhi-gpeni-2014/</link>
      <pubDate>Sat, 01 Mar 2014 00:00:00 +0000</pubDate>
      <guid>https://cse.unl.edu/~netgroup/publication/medhi-gpeni-2014/</guid>
      <description></description>
    </item>
    
    <item>
      <title>Network Innovation using OpenFlow: A Survey</title>
      <link>https://cse.unl.edu/~netgroup/publication/lara-network-2014/</link>
      <pubDate>Wed, 01 Jan 2014 00:00:00 +0000</pubDate>
      <guid>https://cse.unl.edu/~netgroup/publication/lara-network-2014/</guid>
      <description></description>
    </item>
    
    <item>
      <title>A Tabu search based heuristic for optimized joint resource allocation and task scheduling in Grid/Clouds</title>
      <link>https://cse.unl.edu/~netgroup/publication/yi-tabu-2013/</link>
      <pubDate>Sun, 01 Dec 2013 00:00:00 +0000</pubDate>
      <guid>https://cse.unl.edu/~netgroup/publication/yi-tabu-2013/</guid>
      <description></description>
    </item>
    
    <item>
      <title>Cut-through switching options in a MobilityFirst network with openflow</title>
      <link>https://cse.unl.edu/~netgroup/publication/lara-cut-through-2013/</link>
      <pubDate>Sun, 01 Dec 2013 00:00:00 +0000</pubDate>
      <guid>https://cse.unl.edu/~netgroup/publication/lara-cut-through-2013/</guid>
      <description></description>
    </item>
    
    <item>
      <title>A dynamic local method for bandwidth adaptation in bundle links to conserve energy in core networks</title>
      <link>https://cse.unl.edu/~netgroup/publication/liu-dynamic-2013/</link>
      <pubDate>Fri, 01 Nov 2013 00:00:00 +0000</pubDate>
      <guid>https://cse.unl.edu/~netgroup/publication/liu-dynamic-2013/</guid>
      <description></description>
    </item>
    
    <item>
      <title>Cost-Optimized Reservation and Routing for Scheduled Traffic in Optical Networks</title>
      <link>https://cse.unl.edu/~netgroup/publication/ding-cost-optimized-2013/</link>
      <pubDate>Fri, 01 Nov 2013 00:00:00 +0000</pubDate>
      <guid>https://cse.unl.edu/~netgroup/publication/ding-cost-optimized-2013/</guid>
      <description></description>
    </item>
    
    <item>
      <title>Optical Switching and Networking: Special Issue: Selected Papers from the Fifth IEEE International Conference on Advanced Networks and Telecommunication Systems (IEEE ANTS 2011)</title>
      <link>https://cse.unl.edu/~netgroup/publication/mehr-optical-2013/</link>
      <pubDate>Fri, 01 Nov 2013 00:00:00 +0000</pubDate>
      <guid>https://cse.unl.edu/~netgroup/publication/mehr-optical-2013/</guid>
      <description></description>
    </item>
    
    <item>
      <title>Budget-Minimized Resource Allocation and Task Scheduling in Distributed Grid/Clouds</title>
      <link>https://cse.unl.edu/~netgroup/publication/yi-budget-minimized-2013/</link>
      <pubDate>Mon, 01 Jul 2013 00:00:00 +0000</pubDate>
      <guid>https://cse.unl.edu/~netgroup/publication/yi-budget-minimized-2013/</guid>
      <description></description>
    </item>
    
    <item>
      <title>CAPEX optimized routing for scheduled traffic in multi-layer optical networks</title>
      <link>https://cse.unl.edu/~netgroup/publication/ding-capex-2013/</link>
      <pubDate>Mon, 01 Apr 2013 00:00:00 +0000</pubDate>
      <guid>https://cse.unl.edu/~netgroup/publication/ding-capex-2013/</guid>
      <description></description>
    </item>
    
    <item>
      <title>Investigation of energy savings in optical networks using bundle link rightsizing methods</title>
      <link>https://cse.unl.edu/~netgroup/publication/liu-investigation-2013/</link>
      <pubDate>Fri, 01 Mar 2013 00:00:00 +0000</pubDate>
      <guid>https://cse.unl.edu/~netgroup/publication/liu-investigation-2013/</guid>
      <description></description>
    </item>
    
    <item>
      <title>Multi-layer design of IP over WDM backbone networks: Impact on cost and survivability</title>
      <link>https://cse.unl.edu/~netgroup/publication/ramamurthy-multi-layer-2013/</link>
      <pubDate>Fri, 01 Mar 2013 00:00:00 +0000</pubDate>
      <guid>https://cse.unl.edu/~netgroup/publication/ramamurthy-multi-layer-2013/</guid>
      <description></description>
    </item>
    
    <item>
      <title>On provisioning diverse circuits in heterogeneous multi-layer optical networks</title>
      <link>https://cse.unl.edu/~netgroup/publication/xu-provisioning-2013/</link>
      <pubDate>Fri, 01 Mar 2013 00:00:00 +0000</pubDate>
      <guid>https://cse.unl.edu/~netgroup/publication/xu-provisioning-2013/</guid>
      <description></description>
    </item>
    
    <item>
      <title>Exploring the Design Space of Multichannel Peer-to-Peer Live Video Streaming Systems</title>
      <link>https://cse.unl.edu/~netgroup/publication/wang-exploring-2013/</link>
      <pubDate>Fri, 01 Feb 2013 00:00:00 +0000</pubDate>
      <guid>https://cse.unl.edu/~netgroup/publication/wang-exploring-2013/</guid>
      <description></description>
    </item>
    
    <item>
      <title>Communication Technologies and Architectures for Space Network and Interplanetary Internet</title>
      <link>https://cse.unl.edu/~netgroup/publication/mukherjee-communication-2013/</link>
      <pubDate>Tue, 01 Jan 2013 00:00:00 +0000</pubDate>
      <guid>https://cse.unl.edu/~netgroup/publication/mukherjee-communication-2013/</guid>
      <description></description>
    </item>
    
    <item>
      <title>Design of Optical WDM Networks: LAN, MAN and WAN Architectures</title>
      <link>https://cse.unl.edu/~netgroup/publication/ramamurthy-design-2012/</link>
      <pubDate>Sat, 01 Dec 2012 00:00:00 +0000</pubDate>
      <guid>https://cse.unl.edu/~netgroup/publication/ramamurthy-design-2012/</guid>
      <description></description>
    </item>
    
    <item>
      <title>On providing bounded delay service to subscribers in P2P live streaming systems</title>
      <link>https://cse.unl.edu/~netgroup/publication/ouyang-providing-2012/</link>
      <pubDate>Sat, 01 Dec 2012 00:00:00 +0000</pubDate>
      <guid>https://cse.unl.edu/~netgroup/publication/ouyang-providing-2012/</guid>
      <description></description>
    </item>
    
    <item>
      <title>Simplifying network management using Software Defined Networking and OpenFlow</title>
      <link>https://cse.unl.edu/~netgroup/publication/lara-simplifying-2012/</link>
      <pubDate>Sat, 01 Dec 2012 00:00:00 +0000</pubDate>
      <guid>https://cse.unl.edu/~netgroup/publication/lara-simplifying-2012/</guid>
      <description></description>
    </item>
    
    <item>
      <title>On Cost Optimized Routing for Scheduled Traffic in Multilayer Optical Transport Networks</title>
      <link>https://cse.unl.edu/~netgroup/publication/ding-cost-2012/</link>
      <pubDate>Thu, 01 Nov 2012 00:00:00 +0000</pubDate>
      <guid>https://cse.unl.edu/~netgroup/publication/ding-cost-2012/</guid>
      <description></description>
    </item>
    
    <item>
      <title>Partial forwarding vs. partial participation for dynamic window resizing in P2P streaming</title>
      <link>https://cse.unl.edu/~netgroup/publication/ouyang-partial-2012/</link>
      <pubDate>Sun, 01 Apr 2012 00:00:00 +0000</pubDate>
      <guid>https://cse.unl.edu/~netgroup/publication/ouyang-partial-2012/</guid>
      <description></description>
    </item>
    
    <item>
      <title>A Key Distribution Scheme for Distributed Group with Authentication Capability</title>
      <link>https://cse.unl.edu/~netgroup/publication/adusumilli-key-2012/</link>
      <pubDate>Thu, 01 Mar 2012 00:00:00 +0000</pubDate>
      <guid>https://cse.unl.edu/~netgroup/publication/adusumilli-key-2012/</guid>
      <description></description>
    </item>
    
    <item>
      <title>Improving multi-view peer-to-peer live streaming systems with the divide-and-conquer strategy</title>
      <link>https://cse.unl.edu/~netgroup/publication/wang-improving-2011/</link>
      <pubDate>Thu, 01 Dec 2011 00:00:00 +0000</pubDate>
      <guid>https://cse.unl.edu/~netgroup/publication/wang-improving-2011/</guid>
      <description></description>
    </item>
    
    <item>
      <title>Rightsizing Bundle Link Capacities for Energy Savings in the Core Network</title>
      <link>https://cse.unl.edu/~netgroup/publication/liu-rightsizing-2011/</link>
      <pubDate>Thu, 01 Dec 2011 00:00:00 +0000</pubDate>
      <guid>https://cse.unl.edu/~netgroup/publication/liu-rightsizing-2011/</guid>
      <description></description>
    </item>
    
    <item>
      <title>SDRCS: A service-differentiated real-time communication scheme for event sensing in wireless sensor networks</title>
      <link>https://cse.unl.edu/~netgroup/publication/xue-sdrcs-2011/</link>
      <pubDate>Sat, 01 Oct 2011 00:00:00 +0000</pubDate>
      <guid>https://cse.unl.edu/~netgroup/publication/xue-sdrcs-2011/</guid>
      <description></description>
    </item>
    
    <item>
      <title>SRLG-diverse routing of multiple circuits in a heterogeneous optical transport network</title>
      <link>https://cse.unl.edu/~netgroup/publication/xu-srlg-diverse-2011/</link>
      <pubDate>Sat, 01 Oct 2011 00:00:00 +0000</pubDate>
      <guid>https://cse.unl.edu/~netgroup/publication/xu-srlg-diverse-2011/</guid>
      <description></description>
    </item>
    
    <item>
      <title>Cost and Reliability Considerations in Designing the Next-Generation IP over WDM Backbone Networks</title>
      <link>https://cse.unl.edu/~netgroup/publication/ramamurthy-cost-2011/</link>
      <pubDate>Fri, 01 Jul 2011 00:00:00 +0000</pubDate>
      <guid>https://cse.unl.edu/~netgroup/publication/ramamurthy-cost-2011/</guid>
      <description></description>
    </item>
    
    <item>
      <title>Providing NPR-Style Time-Shifted Streaming in P2P Systems</title>
      <link>https://cse.unl.edu/~netgroup/publication/ouyang-providing-2011/</link>
      <pubDate>Fri, 01 Jul 2011 00:00:00 +0000</pubDate>
      <guid>https://cse.unl.edu/~netgroup/publication/ouyang-providing-2011/</guid>
      <description></description>
    </item>
    
    <item>
      <title>Understanding User Generated Content Characteristics: A Hot-Event Perspective</title>
      <link>https://cse.unl.edu/~netgroup/publication/li-understanding-2011/</link>
      <pubDate>Wed, 01 Jun 2011 00:00:00 +0000</pubDate>
      <guid>https://cse.unl.edu/~netgroup/publication/li-understanding-2011/</guid>
      <description></description>
    </item>
    
    <item>
      <title>Experiences with dynamic circuit creation in a regional network testbed</title>
      <link>https://cse.unl.edu/~netgroup/publication/angu-experiences-2011/</link>
      <pubDate>Fri, 01 Apr 2011 00:00:00 +0000</pubDate>
      <guid>https://cse.unl.edu/~netgroup/publication/angu-experiences-2011/</guid>
      <description></description>
    </item>
    
    <item>
      <title>Understanding User Generated Content Characteristics : A Hot-Event Perspective</title>
      <link>https://cse.unl.edu/~netgroup/publication/wang-understanding-2011/</link>
      <pubDate>Fri, 01 Apr 2011 00:00:00 +0000</pubDate>
      <guid>https://cse.unl.edu/~netgroup/publication/wang-understanding-2011/</guid>
      <description></description>
    </item>
    
    <item>
      <title>Diverse community: Demand differentiation in P2P live streaming</title>
      <link>https://cse.unl.edu/~netgroup/publication/ouyang-diverse-2011/</link>
      <pubDate>Tue, 01 Mar 2011 00:00:00 +0000</pubDate>
      <guid>https://cse.unl.edu/~netgroup/publication/ouyang-diverse-2011/</guid>
      <description></description>
    </item>
    
    <item>
      <title>Next-Generation Internet: Architectures and Protocols</title>
      <link>https://cse.unl.edu/~netgroup/publication/ramamurthy-next-generation-2011/</link>
      <pubDate>Tue, 01 Feb 2011 00:00:00 +0000</pubDate>
      <guid>https://cse.unl.edu/~netgroup/publication/ramamurthy-next-generation-2011/</guid>
      <description></description>
    </item>
    
    <item>
      <title>The Great Plains Environment for Network Innovation (GpENI): A Programmable Testbed for Future Internet Architecture Research</title>
      <link>https://cse.unl.edu/~netgroup/publication/sterbenz-great-2011/</link>
      <pubDate>Sat, 01 Jan 2011 00:00:00 +0000</pubDate>
      <guid>https://cse.unl.edu/~netgroup/publication/sterbenz-great-2011/</guid>
      <description></description>
    </item>
    
    <item>
      <title>A Tabu Search Approach for Joint Scheduling of Resources in a Lambda Grid Network</title>
      <link>https://cse.unl.edu/~netgroup/publication/ravula-tabu-2010/</link>
      <pubDate>Wed, 01 Dec 2010 00:00:00 +0000</pubDate>
      <guid>https://cse.unl.edu/~netgroup/publication/ravula-tabu-2010/</guid>
      <description></description>
    </item>
    
    <item>
      <title>Continuous and Parallel Optimization of Dynamic Bandwidth Scheduling in WDM Networks</title>
      <link>https://cse.unl.edu/~netgroup/publication/angu-continuous-2010/</link>
      <pubDate>Wed, 01 Dec 2010 00:00:00 +0000</pubDate>
      <guid>https://cse.unl.edu/~netgroup/publication/angu-continuous-2010/</guid>
      <description></description>
    </item>
    
    <item>
      <title>A two-tier Wireless Sensor Network infrastructure for large-scale real-time groundwater monitoring</title>
      <link>https://cse.unl.edu/~netgroup/publication/xue-two-tier-2010/</link>
      <pubDate>Fri, 01 Oct 2010 00:00:00 +0000</pubDate>
      <guid>https://cse.unl.edu/~netgroup/publication/xue-two-tier-2010/</guid>
      <description></description>
    </item>
    
    <item>
      <title>Key Management in Wireless Sensor Networks with Multiple Base Stations</title>
      <link>https://cse.unl.edu/~netgroup/publication/wang-key-2010/</link>
      <pubDate>Sun, 01 Aug 2010 00:00:00 +0000</pubDate>
      <guid>https://cse.unl.edu/~netgroup/publication/wang-key-2010/</guid>
      <description></description>
    </item>
    
    <item>
      <title>Cost Efficiency of Anycast-Based Forwarding in Duty-Cycled WSNs with Lossy Channel</title>
      <link>https://cse.unl.edu/~netgroup/publication/xue-cost-2010/</link>
      <pubDate>Tue, 01 Jun 2010 00:00:00 +0000</pubDate>
      <guid>https://cse.unl.edu/~netgroup/publication/xue-cost-2010/</guid>
      <description></description>
    </item>
    
    <item>
      <title>Comparing multi-channel Peer-to-Peer video streaming system designs</title>
      <link>https://cse.unl.edu/~netgroup/publication/wang-comparing-2010/</link>
      <pubDate>Sat, 01 May 2010 00:00:00 +0000</pubDate>
      <guid>https://cse.unl.edu/~netgroup/publication/wang-comparing-2010/</guid>
      <description></description>
    </item>
    
    <item>
      <title>On Demand Heterogeneity in P2P Live Streaming</title>
      <link>https://cse.unl.edu/~netgroup/publication/ouyang-demand-2010/</link>
      <pubDate>Sat, 01 May 2010 00:00:00 +0000</pubDate>
      <guid>https://cse.unl.edu/~netgroup/publication/ouyang-demand-2010/</guid>
      <description></description>
    </item>
    
    <item>
      <title>Linear Programming Models For Multi-Channel P2P Streaming Systems</title>
      <link>https://cse.unl.edu/~netgroup/publication/wang-linear-2010/</link>
      <pubDate>Mon, 01 Mar 2010 00:00:00 +0000</pubDate>
      <guid>https://cse.unl.edu/~netgroup/publication/wang-linear-2010/</guid>
      <description></description>
    </item>
    
    <item>
      <title>An efficient scheme for removing compromised sensor nodes from wireless sensor networks</title>
      <link>https://cse.unl.edu/~netgroup/publication/wang-efficient-2010/</link>
      <pubDate>Fri, 01 Jan 2010 00:00:00 +0000</pubDate>
      <guid>https://cse.unl.edu/~netgroup/publication/wang-efficient-2010/</guid>
      <description></description>
    </item>
    
    <item>
      <title>Considering a Cost Constrained Risk Informed Design Paradigm for NASA</title>
      <link>https://cse.unl.edu/~netgroup/publication/b-f-putney-considering-2010/</link>
      <pubDate>Fri, 01 Jan 2010 00:00:00 +0000</pubDate>
      <guid>https://cse.unl.edu/~netgroup/publication/b-f-putney-considering-2010/</guid>
      <description></description>
    </item>
    
    <item>
      <title>Physical simulation in space launcher engine risk assessment</title>
      <link>https://cse.unl.edu/~netgroup/publication/ramamurthy-physical-2010/</link>
      <pubDate>Fri, 01 Jan 2010 00:00:00 +0000</pubDate>
      <guid>https://cse.unl.edu/~netgroup/publication/ramamurthy-physical-2010/</guid>
      <description></description>
    </item>
    
    <item>
      <title>Optimal segment size for fixed-sized segment protection in wavelength-routed optical networks</title>
      <link>https://cse.unl.edu/~netgroup/publication/tewari-optimal-2009/</link>
      <pubDate>Tue, 01 Dec 2009 00:00:00 +0000</pubDate>
      <guid>https://cse.unl.edu/~netgroup/publication/tewari-optimal-2009/</guid>
      <description></description>
    </item>
    
    <item>
      <title>A flexible Divide-and-Conquer protocol for multi-view peer-to-peer live streaming</title>
      <link>https://cse.unl.edu/~netgroup/publication/wang-flexible-2009/</link>
      <pubDate>Tue, 01 Sep 2009 00:00:00 +0000</pubDate>
      <guid>https://cse.unl.edu/~netgroup/publication/wang-flexible-2009/</guid>
      <description></description>
    </item>
    
    <item>
      <title>LTRES: A loss-tolerant reliable event sensing protocol for wireless sensor networks</title>
      <link>https://cse.unl.edu/~netgroup/publication/xue-ltres-2009/</link>
      <pubDate>Tue, 01 Sep 2009 00:00:00 +0000</pubDate>
      <guid>https://cse.unl.edu/~netgroup/publication/xue-ltres-2009/</guid>
      <description></description>
    </item>
    
    <item>
      <title>A Cooperative Scheme for Dynamic Window Resizing in P2P Live Streaming</title>
      <link>https://cse.unl.edu/~netgroup/publication/ouyang-cooperative-2009/</link>
      <pubDate>Mon, 01 Jun 2009 00:00:00 +0000</pubDate>
      <guid>https://cse.unl.edu/~netgroup/publication/ouyang-cooperative-2009/</guid>
      <description></description>
    </item>
    
    <item>
      <title>Joint Computing and Network Resource Scheduling in a Lambda Grid Network</title>
      <link>https://cse.unl.edu/~netgroup/publication/lakshmiraman-joint-2009/</link>
      <pubDate>Mon, 01 Jun 2009 00:00:00 +0000</pubDate>
      <guid>https://cse.unl.edu/~netgroup/publication/lakshmiraman-joint-2009/</guid>
      <description></description>
    </item>
    
    <item>
      <title>Providing statistically guaranteed streaming quality for peer-to-peer live streaming</title>
      <link>https://cse.unl.edu/~netgroup/publication/wang-providing-2009/</link>
      <pubDate>Mon, 01 Jun 2009 00:00:00 +0000</pubDate>
      <guid>https://cse.unl.edu/~netgroup/publication/wang-providing-2009/</guid>
      <description></description>
    </item>
    
    <item>
      <title>Overlay Construction in Mobile Peer-to-Peer Networks</title>
      <link>https://cse.unl.edu/~netgroup/publication/feng-overlay-2009/</link>
      <pubDate>Thu, 01 Jan 2009 00:00:00 +0000</pubDate>
      <guid>https://cse.unl.edu/~netgroup/publication/feng-overlay-2009/</guid>
      <description></description>
    </item>
    
    <item>
      <title>Packet reordering in high-speed networks and its impact on high-speed TCP variants</title>
      <link>https://cse.unl.edu/~netgroup/publication/feng-packet-2009/</link>
      <pubDate>Thu, 01 Jan 2009 00:00:00 +0000</pubDate>
      <guid>https://cse.unl.edu/~netgroup/publication/feng-packet-2009/</guid>
      <description></description>
    </item>
    
    <item>
      <title>A Partial Forwarding Scheme for Dynamic Window Resizing in Live P2P Streaming Systems</title>
      <link>https://cse.unl.edu/~netgroup/publication/ouyang-partial-2008/</link>
      <pubDate>Sat, 01 Nov 2008 00:00:00 +0000</pubDate>
      <guid>https://cse.unl.edu/~netgroup/publication/ouyang-partial-2008/</guid>
      <description></description>
    </item>
    
    <item>
      <title>A service-differentiated real-time communication scheme for wireless sensor networks</title>
      <link>https://cse.unl.edu/~netgroup/publication/xue-service-differentiated-2008/</link>
      <pubDate>Wed, 01 Oct 2008 00:00:00 +0000</pubDate>
      <guid>https://cse.unl.edu/~netgroup/publication/xue-service-differentiated-2008/</guid>
      <description></description>
    </item>
    
    <item>
      <title>A security framework for wireless sensor networks utilizing a unique session key</title>
      <link>https://cse.unl.edu/~netgroup/publication/wang-security-2008/</link>
      <pubDate>Mon, 01 Sep 2008 00:00:00 +0000</pubDate>
      <guid>https://cse.unl.edu/~netgroup/publication/wang-security-2008/</guid>
      <description></description>
    </item>
    
    <item>
      <title>Variable neighbor selection in live peer-to-peer multimedia streaming networks</title>
      <link>https://cse.unl.edu/~netgroup/publication/ghosha-variable-2008/</link>
      <pubDate>Mon, 01 Sep 2008 00:00:00 +0000</pubDate>
      <guid>https://cse.unl.edu/~netgroup/publication/ghosha-variable-2008/</guid>
      <description></description>
    </item>
    
    <item>
      <title>Channel-Aware Peer Selection in Multi-View Peer-to-Peer Multimedia Streaming</title>
      <link>https://cse.unl.edu/~netgroup/publication/wang-channel-aware-2008/</link>
      <pubDate>Fri, 01 Aug 2008 00:00:00 +0000</pubDate>
      <guid>https://cse.unl.edu/~netgroup/publication/wang-channel-aware-2008/</guid>
      <description></description>
    </item>
    
    <item>
      <title>Rerouting schemes for dynamic traffic grooming in optical WDM networks</title>
      <link>https://cse.unl.edu/~netgroup/publication/yao-rerouting-2008/</link>
      <pubDate>Tue, 01 Jul 2008 00:00:00 +0000</pubDate>
      <guid>https://cse.unl.edu/~netgroup/publication/yao-rerouting-2008/</guid>
      <description></description>
    </item>
    
    <item>
      <title>Multidomain Optical Networks: Issues and Challenges</title>
      <link>https://cse.unl.edu/~netgroup/publication/vijaya-saradhi-multidomain-2008/</link>
      <pubDate>Sun, 01 Jun 2008 00:00:00 +0000</pubDate>
      <guid>https://cse.unl.edu/~netgroup/publication/vijaya-saradhi-multidomain-2008/</guid>
      <description></description>
    </item>
    
    <item>
      <title>A Key Management Protocol for Wireless Sensor Networks with Multiple Base Stations</title>
      <link>https://cse.unl.edu/~netgroup/publication/wang-key-2008/</link>
      <pubDate>Thu, 01 May 2008 00:00:00 +0000</pubDate>
      <guid>https://cse.unl.edu/~netgroup/publication/wang-key-2008/</guid>
      <description></description>
    </item>
    
    <item>
      <title>Providing Reliable Data Transport for Dynamic Event Sensing in Wireless Sensor Networks</title>
      <link>https://cse.unl.edu/~netgroup/publication/xue-providing-2008/</link>
      <pubDate>Thu, 01 May 2008 00:00:00 +0000</pubDate>
      <guid>https://cse.unl.edu/~netgroup/publication/xue-providing-2008/</guid>
      <description></description>
    </item>
    
    <item>
      <title>A load-balancing spare capacity reallocation approach in the next-generation SONET metro networks</title>
      <link>https://cse.unl.edu/~netgroup/publication/shen-load-balancing-2008/</link>
      <pubDate>Sat, 01 Mar 2008 00:00:00 +0000</pubDate>
      <guid>https://cse.unl.edu/~netgroup/publication/shen-load-balancing-2008/</guid>
      <description></description>
    </item>
    
    <item>
      <title>An efficient and attack-resistant key agreement scheme for secure group communications in mobile ad-hoc networks</title>
      <link>https://cse.unl.edu/~netgroup/publication/balachandran-efficient-2008/</link>
      <pubDate>Tue, 01 Jan 2008 00:00:00 +0000</pubDate>
      <guid>https://cse.unl.edu/~netgroup/publication/balachandran-efficient-2008/</guid>
      <description></description>
    </item>
    
    <item>
      <title>Dedicated path protection for waveband switching in WDM networks (invited paper)</title>
      <link>https://cse.unl.edu/~netgroup/publication/li-dedicated-2007/</link>
      <pubDate>Sat, 01 Sep 2007 00:00:00 +0000</pubDate>
      <guid>https://cse.unl.edu/~netgroup/publication/li-dedicated-2007/</guid>
      <description></description>
    </item>
    
    <item>
      <title>uKeying: A Key Management Framework for Wireless Sensor Networks Utilizing a Unique Session Key</title>
      <link>https://cse.unl.edu/~netgroup/publication/wang-ukeying-2007/</link>
      <pubDate>Sat, 01 Sep 2007 00:00:00 +0000</pubDate>
      <guid>https://cse.unl.edu/~netgroup/publication/wang-ukeying-2007/</guid>
      <description></description>
    </item>
    
    <item>
      <title>A scalable approach for survivable virtual topology routing in optical WDM networks</title>
      <link>https://cse.unl.edu/~netgroup/publication/todimala-scalable-2007/</link>
      <pubDate>Wed, 01 Aug 2007 00:00:00 +0000</pubDate>
      <guid>https://cse.unl.edu/~netgroup/publication/todimala-scalable-2007/</guid>
      <description></description>
    </item>
    
    <item>
      <title>Layered Clustering Communication Protocol for Wireless Sensor Networks</title>
      <link>https://cse.unl.edu/~netgroup/publication/wang-layered-2007/</link>
      <pubDate>Wed, 01 Aug 2007 00:00:00 +0000</pubDate>
      <guid>https://cse.unl.edu/~netgroup/publication/wang-layered-2007/</guid>
      <description></description>
    </item>
    
    <item>
      <title>A Two-phase Approach for Dynamic Lightpath Scheduling in WDM Optical Networks</title>
      <link>https://cse.unl.edu/~netgroup/publication/shen-two-phase-2007/</link>
      <pubDate>Fri, 01 Jun 2007 00:00:00 +0000</pubDate>
      <guid>https://cse.unl.edu/~netgroup/publication/shen-two-phase-2007/</guid>
      <description></description>
    </item>
    
    <item>
      <title>Group Rekeying Schemes for Secure Group Communication in Wireless Sensor Networks</title>
      <link>https://cse.unl.edu/~netgroup/publication/wang-group-2007/</link>
      <pubDate>Fri, 01 Jun 2007 00:00:00 +0000</pubDate>
      <guid>https://cse.unl.edu/~netgroup/publication/wang-group-2007/</guid>
      <description></description>
    </item>
    
    <item>
      <title>KeyRev: An Efficient Key Revocation Scheme for Wireless Sensor Networks</title>
      <link>https://cse.unl.edu/~netgroup/publication/wang-keyrev-2007/</link>
      <pubDate>Fri, 01 Jun 2007 00:00:00 +0000</pubDate>
      <guid>https://cse.unl.edu/~netgroup/publication/wang-keyrev-2007/</guid>
      <description></description>
    </item>
    
    <item>
      <title>Algorithms for Intermediate Waveband Switching in Optical WDM Mesh Networks</title>
      <link>https://cse.unl.edu/~netgroup/publication/todimala-algorithms-2007/</link>
      <pubDate>Tue, 01 May 2007 00:00:00 +0000</pubDate>
      <guid>https://cse.unl.edu/~netgroup/publication/todimala-algorithms-2007/</guid>
      <description></description>
    </item>
    
    <item>
      <title>Dynamic and Deterministic Lightpath Scheduling in Next-Generation WDM Optical Networks</title>
      <link>https://cse.unl.edu/~netgroup/publication/ramamurthy-dynamic-2007/</link>
      <pubDate>Mon, 01 Jan 2007 00:00:00 +0000</pubDate>
      <guid>https://cse.unl.edu/~netgroup/publication/ramamurthy-dynamic-2007/</guid>
      <description></description>
    </item>
    
    <item>
      <title>Key management protocols in hybrid wireless sensor networks</title>
      <link>https://cse.unl.edu/~netgroup/publication/wang-key-2007/</link>
      <pubDate>Mon, 01 Jan 2007 00:00:00 +0000</pubDate>
      <guid>https://cse.unl.edu/~netgroup/publication/wang-key-2007/</guid>
      <description></description>
    </item>
    
    <item>
      <title>Network architectures for live peer-to-peer media streaming</title>
      <link>https://cse.unl.edu/~netgroup/publication/ghoshal-network-2007/</link>
      <pubDate>Mon, 01 Jan 2007 00:00:00 +0000</pubDate>
      <guid>https://cse.unl.edu/~netgroup/publication/ghoshal-network-2007/</guid>
      <description></description>
    </item>
    
    <item>
      <title>A distributed reliable data transport strategy for event based wireless sensor networks</title>
      <link>https://cse.unl.edu/~netgroup/publication/xue-distributed-2006/</link>
      <pubDate>Sun, 01 Oct 2006 00:00:00 +0000</pubDate>
      <guid>https://cse.unl.edu/~netgroup/publication/xue-distributed-2006/</guid>
      <description></description>
    </item>
    
    <item>
      <title>Heterogeneous waveband switching in wavelength division multiplexed networks based on autonomous clustering architecture [Invited]</title>
      <link>https://cse.unl.edu/~netgroup/publication/li-heterogeneous-2006/</link>
      <pubDate>Fri, 01 Sep 2006 00:00:00 +0000</pubDate>
      <guid>https://cse.unl.edu/~netgroup/publication/li-heterogeneous-2006/</guid>
      <description></description>
    </item>
    
    <item>
      <title>A New Cryptographic Scheme for Securing Dynamic Conferences in Data Networks</title>
      <link>https://cse.unl.edu/~netgroup/publication/deshpande-new-2006/</link>
      <pubDate>Thu, 01 Jun 2006 00:00:00 +0000</pubDate>
      <guid>https://cse.unl.edu/~netgroup/publication/deshpande-new-2006/</guid>
      <description></description>
    </item>
    
    <item>
      <title>Autonomous Clustering-Based Heterogeneous Waveband Switching in WDM Networks</title>
      <link>https://cse.unl.edu/~netgroup/publication/li-autonomous-2006/</link>
      <pubDate>Thu, 01 Jun 2006 00:00:00 +0000</pubDate>
      <guid>https://cse.unl.edu/~netgroup/publication/li-autonomous-2006/</guid>
      <description></description>
    </item>
    
    <item>
      <title>Router and Firewall Redundancy with OpenBSD and CARP</title>
      <link>https://cse.unl.edu/~netgroup/publication/attebury-router-2006/</link>
      <pubDate>Thu, 01 Jun 2006 00:00:00 +0000</pubDate>
      <guid>https://cse.unl.edu/~netgroup/publication/attebury-router-2006/</guid>
      <description></description>
    </item>
    
    <item>
      <title>The Performance of Elliptic Curve Based Group Diffie-Hellman Protocols for Secure Group Communication over Ad Hoc Networks</title>
      <link>https://cse.unl.edu/~netgroup/publication/wang-performance-2006/</link>
      <pubDate>Thu, 01 Jun 2006 00:00:00 +0000</pubDate>
      <guid>https://cse.unl.edu/~netgroup/publication/wang-performance-2006/</guid>
      <description></description>
    </item>
    
    <item>
      <title>Dynamic Lightpath Scheduling in Next-Generation WDM Optical Networks</title>
      <link>https://cse.unl.edu/~netgroup/publication/shen-dynamic-2006/</link>
      <pubDate>Sat, 01 Apr 2006 00:00:00 +0000</pubDate>
      <guid>https://cse.unl.edu/~netgroup/publication/shen-dynamic-2006/</guid>
      <description></description>
    </item>
    
    <item>
      <title>A Generic Autonomous Clustering-Based Heterogeneous Waveband Switching Architecture in WDM Networks</title>
      <link>https://cse.unl.edu/~netgroup/publication/li-generic-2006/</link>
      <pubDate>Wed, 01 Mar 2006 00:00:00 +0000</pubDate>
      <guid>https://cse.unl.edu/~netgroup/publication/li-generic-2006/</guid>
      <description></description>
    </item>
    
    <item>
      <title>An efficient scheduling scheme for on-demand lightpath reservations in reconfigurable WDM optical networks</title>
      <link>https://cse.unl.edu/~netgroup/publication/yang-efficient-2006/</link>
      <pubDate>Wed, 01 Mar 2006 00:00:00 +0000</pubDate>
      <guid>https://cse.unl.edu/~netgroup/publication/yang-efficient-2006/</guid>
      <description></description>
    </item>
    
    <item>
      <title>A survey of security issues in wireless sensor networks</title>
      <link>https://cse.unl.edu/~netgroup/publication/wang-survey-2006/</link>
      <pubDate>Sun, 01 Jan 2006 00:00:00 +0000</pubDate>
      <guid>https://cse.unl.edu/~netgroup/publication/wang-survey-2006/</guid>
      <description></description>
    </item>
    
    <item>
      <title>An Authenticated Key Agreement Protocol for Mobile Ad Hoc Networks</title>
      <link>https://cse.unl.edu/~netgroup/publication/zou-authenticated-2006/</link>
      <pubDate>Sun, 01 Jan 2006 00:00:00 +0000</pubDate>
      <guid>https://cse.unl.edu/~netgroup/publication/zou-authenticated-2006/</guid>
      <description></description>
    </item>
    
    <item>
      <title>Approximation algorithms for survivable multicommodity flow problems with applications to network design</title>
      <link>https://cse.unl.edu/~netgroup/publication/todimala-approximation-2006/</link>
      <pubDate>Sun, 01 Jan 2006 00:00:00 +0000</pubDate>
      <guid>https://cse.unl.edu/~netgroup/publication/todimala-approximation-2006/</guid>
      <description></description>
    </item>
    
    <item>
      <title>Integrated intermediate waveband and wavelength switching for optical WDM mesh networks</title>
      <link>https://cse.unl.edu/~netgroup/publication/li-integrated-2006/</link>
      <pubDate>Sun, 01 Jan 2006 00:00:00 +0000</pubDate>
      <guid>https://cse.unl.edu/~netgroup/publication/li-integrated-2006/</guid>
      <description></description>
    </item>
    
    <item>
      <title>Dynamic Waveband Switching in WDM Mesh Networks Based on a Generic Auxiliary Graph Model</title>
      <link>https://cse.unl.edu/~netgroup/publication/li-dynamic-2005/</link>
      <pubDate>Tue, 01 Nov 2005 00:00:00 +0000</pubDate>
      <guid>https://cse.unl.edu/~netgroup/publication/li-dynamic-2005/</guid>
      <description></description>
    </item>
    
    <item>
      <title>A balanced key tree approach for dynamic secure group communication</title>
      <link>https://cse.unl.edu/~netgroup/publication/hao-balanced-2005/</link>
      <pubDate>Sat, 01 Oct 2005 00:00:00 +0000</pubDate>
      <guid>https://cse.unl.edu/~netgroup/publication/hao-balanced-2005/</guid>
      <description></description>
    </item>
    
    <item>
      <title>Analysis of multi-hop traffic grooming in WDM mesh networks</title>
      <link>https://cse.unl.edu/~netgroup/publication/yao-analysis-2005/</link>
      <pubDate>Sat, 01 Oct 2005 00:00:00 +0000</pubDate>
      <guid>https://cse.unl.edu/~netgroup/publication/yao-analysis-2005/</guid>
      <description></description>
    </item>
    
    <item>
      <title>Least-cost disjoint paths with dependent cost structure in wavelength continuous optical WDM networks</title>
      <link>https://cse.unl.edu/~netgroup/publication/todimala-least-cost-2005/</link>
      <pubDate>Sat, 01 Oct 2005 00:00:00 +0000</pubDate>
      <guid>https://cse.unl.edu/~netgroup/publication/todimala-least-cost-2005/</guid>
      <description></description>
    </item>
    
    <item>
      <title>On computing disjoint paths with dependent cost structure in optical networks</title>
      <link>https://cse.unl.edu/~netgroup/publication/todimala-computing-2005/</link>
      <pubDate>Sat, 01 Oct 2005 00:00:00 +0000</pubDate>
      <guid>https://cse.unl.edu/~netgroup/publication/todimala-computing-2005/</guid>
      <description></description>
    </item>
    
    <item>
      <title>A link bundled auxiliary graph model for constrained dynamic traffic grooming in WDM mesh networks</title>
      <link>https://cse.unl.edu/~netgroup/publication/yao-link-2005/</link>
      <pubDate>Mon, 01 Aug 2005 00:00:00 +0000</pubDate>
      <guid>https://cse.unl.edu/~netgroup/publication/yao-link-2005/</guid>
      <description></description>
    </item>
    
    <item>
      <title>Shared risk link Group (SRLG)-diverse path provisioning under hybrid service level agreements in wavelength-routed optical mesh networks</title>
      <link>https://cse.unl.edu/~netgroup/publication/shen-shared-2005/</link>
      <pubDate>Mon, 01 Aug 2005 00:00:00 +0000</pubDate>
      <guid>https://cse.unl.edu/~netgroup/publication/shen-shared-2005/</guid>
      <description></description>
    </item>
    
    <item>
      <title>Sparse Regeneration in Translucent Wavelength-Routed Optical Networks: Architecture, Network Design and Wavelength Routing</title>
      <link>https://cse.unl.edu/~netgroup/publication/yang-sparse-2005/</link>
      <pubDate>Fri, 01 Jul 2005 00:00:00 +0000</pubDate>
      <guid>https://cse.unl.edu/~netgroup/publication/yang-sparse-2005/</guid>
      <description></description>
    </item>
    
    <item>
      <title>The study of fault tolerant system design using complete evolution hardware</title>
      <link>https://cse.unl.edu/~netgroup/publication/subbiah-study-2005/</link>
      <pubDate>Fri, 01 Jul 2005 00:00:00 +0000</pubDate>
      <guid>https://cse.unl.edu/~netgroup/publication/subbiah-study-2005/</guid>
      <description></description>
    </item>
    
    <item>
      <title>DGKD: distributed group key distribution with authentication capability</title>
      <link>https://cse.unl.edu/~netgroup/publication/adusumilli-dgkd-2005/</link>
      <pubDate>Wed, 01 Jun 2005 00:00:00 +0000</pubDate>
      <guid>https://cse.unl.edu/~netgroup/publication/adusumilli-dgkd-2005/</guid>
      <description></description>
    </item>
    
    <item>
      <title>CRTDH: an efficient key agreement scheme for secure group communications in wireless ad hoc networks</title>
      <link>https://cse.unl.edu/~netgroup/publication/balachandran-crtdh-2005/</link>
      <pubDate>Sun, 01 May 2005 00:00:00 +0000</pubDate>
      <guid>https://cse.unl.edu/~netgroup/publication/balachandran-crtdh-2005/</guid>
      <description></description>
    </item>
    
    <item>
      <title>Discontinuous waveband switching in WDM optical networks</title>
      <link>https://cse.unl.edu/~netgroup/publication/lekkala-discontinuous-2005/</link>
      <pubDate>Sun, 01 May 2005 00:00:00 +0000</pubDate>
      <guid>https://cse.unl.edu/~netgroup/publication/lekkala-discontinuous-2005/</guid>
      <description></description>
    </item>
    
    <item>
      <title>Ground water monitoring using smart sensors</title>
      <link>https://cse.unl.edu/~netgroup/publication/anumalla-ground-2005/</link>
      <pubDate>Sun, 01 May 2005 00:00:00 +0000</pubDate>
      <guid>https://cse.unl.edu/~netgroup/publication/anumalla-ground-2005/</guid>
      <description></description>
    </item>
    
    <item>
      <title>Performance analysis of sparse traffic grooming in WDM mesh networks</title>
      <link>https://cse.unl.edu/~netgroup/publication/yao-performance-2005/</link>
      <pubDate>Sun, 01 May 2005 00:00:00 +0000</pubDate>
      <guid>https://cse.unl.edu/~netgroup/publication/yao-performance-2005/</guid>
      <description></description>
    </item>
    
    <item>
      <title>Same-destination-intermediate grouping vs. end-to-end grouping for waveband switching in WDM mesh networks</title>
      <link>https://cse.unl.edu/~netgroup/publication/li-same-destination-intermediate-2005/</link>
      <pubDate>Sun, 01 May 2005 00:00:00 +0000</pubDate>
      <guid>https://cse.unl.edu/~netgroup/publication/li-same-destination-intermediate-2005/</guid>
      <description></description>
    </item>
    
    <item>
      <title>Survivable traffic grooming in WDM mesh networks under SRLG constraints</title>
      <link>https://cse.unl.edu/~netgroup/publication/yao-survivable-2005/</link>
      <pubDate>Sun, 01 May 2005 00:00:00 +0000</pubDate>
      <guid>https://cse.unl.edu/~netgroup/publication/yao-survivable-2005/</guid>
      <description></description>
    </item>
    
    <item>
      <title>JOR: a content-based object router</title>
      <link>https://cse.unl.edu/~netgroup/publication/mohamed-jor-2005/</link>
      <pubDate>Fri, 01 Apr 2005 00:00:00 +0000</pubDate>
      <guid>https://cse.unl.edu/~netgroup/publication/mohamed-jor-2005/</guid>
      <description></description>
    </item>
    
    <item>
      <title>Survivable Lightpath Provisioning in WDM Mesh Networks Under Shared Path Protection and Signal Quality Constraints</title>
      <link>https://cse.unl.edu/~netgroup/publication/yang-survivable-2005/</link>
      <pubDate>Fri, 01 Apr 2005 00:00:00 +0000</pubDate>
      <guid>https://cse.unl.edu/~netgroup/publication/yang-survivable-2005/</guid>
      <description></description>
    </item>
    
    <item>
      <title>Design of Sparse Grooming Networks for Transporting Dynamic Multi-granularity Sub-wavelength Traffic</title>
      <link>https://cse.unl.edu/~netgroup/publication/yao-design-2005/</link>
      <pubDate>Tue, 01 Mar 2005 00:00:00 +0000</pubDate>
      <guid>https://cse.unl.edu/~netgroup/publication/yao-design-2005/</guid>
      <description></description>
    </item>
    
    <item>
      <title>Dynamic Routing in Translucent WDM Optical Networks: The Intradomain Case</title>
      <link>https://cse.unl.edu/~netgroup/publication/yang-dynamic-2005/</link>
      <pubDate>Tue, 01 Mar 2005 00:00:00 +0000</pubDate>
      <guid>https://cse.unl.edu/~netgroup/publication/yang-dynamic-2005/</guid>
      <description></description>
    </item>
    
    <item>
      <title>A heuristic with bounded guarantee to compute diverse paths under shared protection in WDM mesh networks</title>
      <link>https://cse.unl.edu/~netgroup/publication/todimala-heuristic-2005/</link>
      <pubDate>Sat, 01 Jan 2005 00:00:00 +0000</pubDate>
      <guid>https://cse.unl.edu/~netgroup/publication/todimala-heuristic-2005/</guid>
      <description></description>
    </item>
    
    <item>
      <title>A novel cost-efficient on-line intermediate waveband-switching scheme in WDM mesh networks</title>
      <link>https://cse.unl.edu/~netgroup/publication/li-novel-2005/</link>
      <pubDate>Sat, 01 Jan 2005 00:00:00 +0000</pubDate>
      <guid>https://cse.unl.edu/~netgroup/publication/li-novel-2005/</guid>
      <description></description>
    </item>
    
    <item>
      <title>A Simple Group Diffie-Hellman Key Agreement Protocol Without Member Serialization</title>
      <link>https://cse.unl.edu/~netgroup/publication/zou-simple-2005/</link>
      <pubDate>Sat, 01 Jan 2005 00:00:00 +0000</pubDate>
      <guid>https://cse.unl.edu/~netgroup/publication/zou-simple-2005/</guid>
      <description></description>
    </item>
    
    <item>
      <title>Secure Group Communications with Hierarchical Access Control</title>
      <link>https://cse.unl.edu/~netgroup/publication/xukai-zou-secure-2005/</link>
      <pubDate>Sat, 01 Jan 2005 00:00:00 +0000</pubDate>
      <guid>https://cse.unl.edu/~netgroup/publication/xukai-zou-secure-2005/</guid>
      <description></description>
    </item>
    
    <item>
      <title>Survivable waveband switching in WDM mesh networks under dedicated path-protection</title>
      <link>https://cse.unl.edu/~netgroup/publication/li-survivable-2005/</link>
      <pubDate>Sat, 01 Jan 2005 00:00:00 +0000</pubDate>
      <guid>https://cse.unl.edu/~netgroup/publication/li-survivable-2005/</guid>
      <description></description>
    </item>
    
    <item>
      <title>Rerouting schemes for dynamic traffic grooming in optical WDM mesh networks</title>
      <link>https://cse.unl.edu/~netgroup/publication/yao-rerouting-2004/</link>
      <pubDate>Mon, 01 Nov 2004 00:00:00 +0000</pubDate>
      <guid>https://cse.unl.edu/~netgroup/publication/yao-rerouting-2004/</guid>
      <description></description>
    </item>
    
    <item>
      <title>Distributed hybrid agent based intrusion detection and real time response system</title>
      <link>https://cse.unl.edu/~netgroup/publication/kasarekar-distributed-2004/</link>
      <pubDate>Fri, 01 Oct 2004 00:00:00 +0000</pubDate>
      <guid>https://cse.unl.edu/~netgroup/publication/kasarekar-distributed-2004/</guid>
      <description></description>
    </item>
    
    <item>
      <title>IMSH: an iterative heuristic for SRLG diverse routing in WDM mesh networks</title>
      <link>https://cse.unl.edu/~netgroup/publication/todimala-imsh-2004/</link>
      <pubDate>Fri, 01 Oct 2004 00:00:00 +0000</pubDate>
      <guid>https://cse.unl.edu/~netgroup/publication/todimala-imsh-2004/</guid>
      <description></description>
    </item>
    
    <item>
      <title>Survivable virtual topology routing under shared risk link groups in WDM networks</title>
      <link>https://cse.unl.edu/~netgroup/publication/todimala-survivable-2004/</link>
      <pubDate>Fri, 01 Oct 2004 00:00:00 +0000</pubDate>
      <guid>https://cse.unl.edu/~netgroup/publication/todimala-survivable-2004/</guid>
      <description></description>
    </item>
    
    <item>
      <title>A Dynamic Partitioning Protection Routing Technique in WDM Networks</title>
      <link>https://cse.unl.edu/~netgroup/publication/todimala-dynamic-2004/</link>
      <pubDate>Thu, 01 Jul 2004 00:00:00 +0000</pubDate>
      <guid>https://cse.unl.edu/~netgroup/publication/todimala-dynamic-2004/</guid>
      <description></description>
    </item>
    
    <item>
      <title>A graph model for dynamic waveband switching in WDM mesh networks</title>
      <link>https://cse.unl.edu/~netgroup/publication/li-graph-2004/</link>
      <pubDate>Tue, 01 Jun 2004 00:00:00 +0000</pubDate>
      <guid>https://cse.unl.edu/~netgroup/publication/li-graph-2004/</guid>
      <description></description>
    </item>
    
    <item>
      <title>Signaling Schemes for Distributed Connection Management in Wavelength-Routed Optical Mesh Networks</title>
      <link>https://cse.unl.edu/~netgroup/publication/shen-signaling-2004/</link>
      <pubDate>Tue, 01 Jun 2004 00:00:00 +0000</pubDate>
      <guid>https://cse.unl.edu/~netgroup/publication/shen-signaling-2004/</guid>
      <description></description>
    </item>
    
    <item>
      <title>A GCD attack resistant CRTHACS for secure group communications</title>
      <link>https://cse.unl.edu/~netgroup/publication/zou-gcd-2004/</link>
      <pubDate>Thu, 01 Apr 2004 00:00:00 +0000</pubDate>
      <guid>https://cse.unl.edu/~netgroup/publication/zou-gcd-2004/</guid>
      <description></description>
    </item>
    
    <item>
      <title>Constrained dynamic traffic grooming in WDM mesh networks with link bundled auxiliary graph model</title>
      <link>https://cse.unl.edu/~netgroup/publication/yao-constrained-2004/</link>
      <pubDate>Thu, 01 Apr 2004 00:00:00 +0000</pubDate>
      <guid>https://cse.unl.edu/~netgroup/publication/yao-constrained-2004/</guid>
      <description></description>
    </item>
    
    <item>
      <title>Survivable traffic grooming with differentiated end-to-end availability guarantees in WDM mesh networks</title>
      <link>https://cse.unl.edu/~netgroup/publication/yao-survivable-2004/</link>
      <pubDate>Thu, 01 Apr 2004 00:00:00 +0000</pubDate>
      <guid>https://cse.unl.edu/~netgroup/publication/yao-survivable-2004/</guid>
      <description></description>
    </item>
    
    <item>
      <title>Interdomain dynamic wavelength routing in the next-generation translucent optical Internet</title>
      <link>https://cse.unl.edu/~netgroup/publication/yang-interdomain-2004/</link>
      <pubDate>Mon, 01 Mar 2004 00:00:00 +0000</pubDate>
      <guid>https://cse.unl.edu/~netgroup/publication/yang-interdomain-2004/</guid>
      <description></description>
    </item>
    
    <item>
      <title>A load-balancing shared-protection-path reconfiguration approach in WDM wavelength-routed networks</title>
      <link>https://cse.unl.edu/~netgroup/publication/shen-load-balancing-2004/</link>
      <pubDate>Sun, 01 Feb 2004 00:00:00 +0000</pubDate>
      <guid>https://cse.unl.edu/~netgroup/publication/shen-load-balancing-2004/</guid>
      <description></description>
    </item>
    
    <item>
      <title>Maximizing resource sharing in WDM mesh networks with path-based protection and sparse OEO regeneration</title>
      <link>https://cse.unl.edu/~netgroup/publication/yang-maximizing-2004/</link>
      <pubDate>Sun, 01 Feb 2004 00:00:00 +0000</pubDate>
      <guid>https://cse.unl.edu/~netgroup/publication/yang-maximizing-2004/</guid>
      <description></description>
    </item>
    
    <item>
      <title>A block-free TGDH key agreement protocol for secure group communications.</title>
      <link>https://cse.unl.edu/~netgroup/publication/zou-block-free-2004/</link>
      <pubDate>Thu, 01 Jan 2004 00:00:00 +0000</pubDate>
      <guid>https://cse.unl.edu/~netgroup/publication/zou-block-free-2004/</guid>
      <description></description>
    </item>
    
    <item>
      <title>CPQ: A control packet queuing optical burst switching protocol for supporting QoS</title>
      <link>https://cse.unl.edu/~netgroup/publication/wang-cpq-2004/</link>
      <pubDate>Thu, 01 Jan 2004 00:00:00 +0000</pubDate>
      <guid>https://cse.unl.edu/~netgroup/publication/wang-cpq-2004/</guid>
      <description></description>
    </item>
    
    <item>
      <title>Dynamic traffic grooming using fixed alternate routing in WDM mesh optical networks</title>
      <link>https://cse.unl.edu/~netgroup/publication/yao-dynamic-2004/</link>
      <pubDate>Thu, 01 Jan 2004 00:00:00 +0000</pubDate>
      <guid>https://cse.unl.edu/~netgroup/publication/yao-dynamic-2004/</guid>
      <description></description>
    </item>
    
    <item>
      <title>Key tree based scalable secure dynamic conferencing schemes</title>
      <link>https://cse.unl.edu/~netgroup/publication/zou-key-2004/</link>
      <pubDate>Thu, 01 Jan 2004 00:00:00 +0000</pubDate>
      <guid>https://cse.unl.edu/~netgroup/publication/zou-key-2004/</guid>
      <description></description>
    </item>
    
    <item>
      <title>Secure group communications over data networks</title>
      <link>https://cse.unl.edu/~netgroup/publication/zou-secure-2004/</link>
      <pubDate>Thu, 01 Jan 2004 00:00:00 +0000</pubDate>
      <guid>https://cse.unl.edu/~netgroup/publication/zou-secure-2004/</guid>
      <description></description>
    </item>
    
    <item>
      <title>The quest to control next-generation transport networks: The role of GMPLS</title>
      <link>https://cse.unl.edu/~netgroup/publication/ei-bawab-quest-2004/</link>
      <pubDate>Thu, 01 Jan 2004 00:00:00 +0000</pubDate>
      <guid>https://cse.unl.edu/~netgroup/publication/ei-bawab-quest-2004/</guid>
      <description></description>
    </item>
    
    <item>
      <title>Shared-risk link group (SRLG)-diverse path provisioning under hybrid service level agreements in wavelength-routed optical mesh networks: formulation and solution approaches</title>
      <link>https://cse.unl.edu/~netgroup/publication/shen-shared-risk-2003/</link>
      <pubDate>Wed, 01 Oct 2003 00:00:00 +0000</pubDate>
      <guid>https://cse.unl.edu/~netgroup/publication/shen-shared-risk-2003/</guid>
      <description></description>
    </item>
    
    <item>
      <title>Dynamic traffic grooming algorithms for reconfigurable SONET over WDM networks</title>
      <link>https://cse.unl.edu/~netgroup/publication/zhang-dynamic-2003/</link>
      <pubDate>Mon, 01 Sep 2003 00:00:00 +0000</pubDate>
      <guid>https://cse.unl.edu/~netgroup/publication/zhang-dynamic-2003/</guid>
      <description></description>
    </item>
    
    <item>
      <title>Agent based intrusion detection and response system for wireless LANs</title>
      <link>https://cse.unl.edu/~netgroup/publication/chirumamilla-agent-2003/</link>
      <pubDate>Thu, 01 May 2003 00:00:00 +0000</pubDate>
      <guid>https://cse.unl.edu/~netgroup/publication/chirumamilla-agent-2003/</guid>
      <description></description>
    </item>
    
    <item>
      <title>Priority-based lambda scheduler</title>
      <link>https://cse.unl.edu/~netgroup/publication/ganesan-priority-based-2003/</link>
      <pubDate>Thu, 01 May 2003 00:00:00 +0000</pubDate>
      <guid>https://cse.unl.edu/~netgroup/publication/ganesan-priority-based-2003/</guid>
      <description></description>
    </item>
    
    <item>
      <title>System and method for an application space server cluster</title>
      <link>https://cse.unl.edu/~netgroup/publication/goddard-system-2003/</link>
      <pubDate>Sat, 01 Mar 2003 00:00:00 +0000</pubDate>
      <guid>https://cse.unl.edu/~netgroup/publication/goddard-system-2003/</guid>
      <description></description>
    </item>
    
    <item>
      <title>Algorithms for unified hierarchy based access control</title>
      <link>https://cse.unl.edu/~netgroup/publication/zou-algorithms-2003/</link>
      <pubDate>Wed, 01 Jan 2003 00:00:00 +0000</pubDate>
      <guid>https://cse.unl.edu/~netgroup/publication/zou-algorithms-2003/</guid>
      <description></description>
    </item>
    
    <item>
      <title>Congestion-based algorithms for online routing in optical WDM mesh networks</title>
      <link>https://cse.unl.edu/~netgroup/publication/todimala-congestion-based-2003/</link>
      <pubDate>Wed, 01 Jan 2003 00:00:00 +0000</pubDate>
      <guid>https://cse.unl.edu/~netgroup/publication/todimala-congestion-based-2003/</guid>
      <description></description>
    </item>
    
    <item>
      <title>Design aspects of optical communication networks</title>
      <link>https://cse.unl.edu/~netgroup/publication/potharlanka-design-2003/</link>
      <pubDate>Wed, 01 Jan 2003 00:00:00 +0000</pubDate>
      <guid>https://cse.unl.edu/~netgroup/publication/potharlanka-design-2003/</guid>
      <description></description>
    </item>
    
    <item>
      <title>Electro-Optic and Wavelength Conversion</title>
      <link>https://cse.unl.edu/~netgroup/publication/ramamurthy-electro-optic-2003/</link>
      <pubDate>Wed, 01 Jan 2003 00:00:00 +0000</pubDate>
      <guid>https://cse.unl.edu/~netgroup/publication/ramamurthy-electro-optic-2003/</guid>
      <description></description>
    </item>
    
    <item>
      <title>Inter-domain dynamic routing in translucent optical transport networks</title>
      <link>https://cse.unl.edu/~netgroup/publication/yang-inter-domain-2003/</link>
      <pubDate>Wed, 01 Jan 2003 00:00:00 +0000</pubDate>
      <guid>https://cse.unl.edu/~netgroup/publication/yang-inter-domain-2003/</guid>
      <description></description>
    </item>
    
    <item>
      <title>Provisioning and restoration in the next generation optical core</title>
      <link>https://cse.unl.edu/~netgroup/publication/shen-provisioning-2003/</link>
      <pubDate>Wed, 01 Jan 2003 00:00:00 +0000</pubDate>
      <guid>https://cse.unl.edu/~netgroup/publication/shen-provisioning-2003/</guid>
      <description></description>
    </item>
    
    <item>
      <title>An analytical model for virtual topology reconfiguration in optical networks and a case study</title>
      <link>https://cse.unl.edu/~netgroup/publication/yang-analytical-2002/</link>
      <pubDate>Tue, 01 Oct 2002 00:00:00 +0000</pubDate>
      <guid>https://cse.unl.edu/~netgroup/publication/yang-analytical-2002/</guid>
      <description></description>
    </item>
    
    <item>
      <title>A dynamic partitioning sub-path protection routing technique in WDM mesh networks</title>
      <link>https://cse.unl.edu/~netgroup/publication/todimala-dynamic-2002/</link>
      <pubDate>Thu, 01 Aug 2002 00:00:00 +0000</pubDate>
      <guid>https://cse.unl.edu/~netgroup/publication/todimala-dynamic-2002/</guid>
      <description></description>
    </item>
    
    <item>
      <title>Centralized vs. distributed connection management schemes under different traffic patterns in wavelength-convertible optical networks</title>
      <link>https://cse.unl.edu/~netgroup/publication/shen-centralized-2002/</link>
      <pubDate>Mon, 01 Apr 2002 00:00:00 +0000</pubDate>
      <guid>https://cse.unl.edu/~netgroup/publication/shen-centralized-2002/</guid>
      <description></description>
    </item>
    
    <item>
      <title>Dynamic routing in translucent WDM optical networks</title>
      <link>https://cse.unl.edu/~netgroup/publication/yang-dynamic-2002/</link>
      <pubDate>Mon, 01 Apr 2002 00:00:00 +0000</pubDate>
      <guid>https://cse.unl.edu/~netgroup/publication/yang-dynamic-2002/</guid>
      <description></description>
    </item>
    
    <item>
      <title>Efficient Key Management for Secure Group Communications with Bursty Behavior.</title>
      <link>https://cse.unl.edu/~netgroup/publication/zou-efficient-2002/</link>
      <pubDate>Tue, 01 Jan 2002 00:00:00 +0000</pubDate>
      <guid>https://cse.unl.edu/~netgroup/publication/zou-efficient-2002/</guid>
      <description></description>
    </item>
    
    <item>
      <title>Fiber, Lasers, Receivers, and Amplifiers</title>
      <link>https://cse.unl.edu/~netgroup/publication/ramamurthy-fiber-2002/</link>
      <pubDate>Tue, 01 Jan 2002 00:00:00 +0000</pubDate>
      <guid>https://cse.unl.edu/~netgroup/publication/ramamurthy-fiber-2002/</guid>
      <description></description>
    </item>
    
    <item>
      <title>JOR: A Java Object Router.</title>
      <link>https://cse.unl.edu/~netgroup/publication/mohamed-jor-2002/</link>
      <pubDate>Tue, 01 Jan 2002 00:00:00 +0000</pubDate>
      <guid>https://cse.unl.edu/~netgroup/publication/mohamed-jor-2002/</guid>
      <description></description>
    </item>
    
    <item>
      <title>Routing techniques in wireless ad hoc networks classification and comparison</title>
      <link>https://cse.unl.edu/~netgroup/publication/zou-routing-2002/</link>
      <pubDate>Tue, 01 Jan 2002 00:00:00 +0000</pubDate>
      <guid>https://cse.unl.edu/~netgroup/publication/zou-routing-2002/</guid>
      <description></description>
    </item>
    
    <item>
      <title>Secure hierarchy-based access control in distributed environments</title>
      <link>https://cse.unl.edu/~netgroup/publication/birget-secure-2002/</link>
      <pubDate>Tue, 01 Jan 2002 00:00:00 +0000</pubDate>
      <guid>https://cse.unl.edu/~netgroup/publication/birget-secure-2002/</guid>
      <description></description>
    </item>
    
    <item>
      <title>Switches, Wavelength Routers, and Wavelength Converters</title>
      <link>https://cse.unl.edu/~netgroup/publication/ramamurthy-switches-2002/</link>
      <pubDate>Tue, 01 Jan 2002 00:00:00 +0000</pubDate>
      <guid>https://cse.unl.edu/~netgroup/publication/ramamurthy-switches-2002/</guid>
      <description></description>
    </item>
    
    <item>
      <title>Symmetric polynomial based dynamic conference scheme with extension in bursty operation</title>
      <link>https://cse.unl.edu/~netgroup/publication/zou-symmetric-2002/</link>
      <pubDate>Tue, 01 Jan 2002 00:00:00 +0000</pubDate>
      <guid>https://cse.unl.edu/~netgroup/publication/zou-symmetric-2002/</guid>
      <description></description>
    </item>
    
    <item>
      <title>Translucent optical WDM networks for the next-generation backbone networks</title>
      <link>https://cse.unl.edu/~netgroup/publication/ramamurthy-translucent-2001/</link>
      <pubDate>Thu, 01 Nov 2001 00:00:00 +0000</pubDate>
      <guid>https://cse.unl.edu/~netgroup/publication/ramamurthy-translucent-2001/</guid>
      <description></description>
    </item>
    
    <item>
      <title>DiffServer: application level differentiated services for Web servers</title>
      <link>https://cse.unl.edu/~netgroup/publication/rao-diffserver-2001/</link>
      <pubDate>Fri, 01 Jun 2001 00:00:00 +0000</pubDate>
      <guid>https://cse.unl.edu/~netgroup/publication/rao-diffserver-2001/</guid>
      <description></description>
    </item>
    
    <item>
      <title>Hierarchy-based access control in distributed environments</title>
      <link>https://cse.unl.edu/~netgroup/publication/birget-hierarchy-based-2001/</link>
      <pubDate>Fri, 01 Jun 2001 00:00:00 +0000</pubDate>
      <guid>https://cse.unl.edu/~netgroup/publication/birget-hierarchy-based-2001/</guid>
      <description></description>
    </item>
    
    <item>
      <title>Optimization of amplifier placements in switch-based optical networks</title>
      <link>https://cse.unl.edu/~netgroup/publication/zhong-optimization-2001/</link>
      <pubDate>Fri, 01 Jun 2001 00:00:00 +0000</pubDate>
      <guid>https://cse.unl.edu/~netgroup/publication/zhong-optimization-2001/</guid>
      <description></description>
    </item>
    
    <item>
      <title>Chinese Remainder Theorem Based Hierarchical Access Control for Secure Group Communication</title>
      <link>https://cse.unl.edu/~netgroup/publication/zou-chinese-2001/</link>
      <pubDate>Mon, 01 Jan 2001 00:00:00 +0000</pubDate>
      <guid>https://cse.unl.edu/~netgroup/publication/zou-chinese-2001/</guid>
      <description></description>
    </item>
    
    <item>
      <title>Connection Management for Wavelength-Routed Optical WDM Networks</title>
      <link>https://cse.unl.edu/~netgroup/publication/ramamurthy-connection-2001/</link>
      <pubDate>Mon, 01 Jan 2001 00:00:00 +0000</pubDate>
      <guid>https://cse.unl.edu/~netgroup/publication/ramamurthy-connection-2001/</guid>
      <description></description>
    </item>
    
    <item>
      <title>Design of Optical WDM Networks</title>
      <link>https://cse.unl.edu/~netgroup/publication/ramamurthy-design-2001/</link>
      <pubDate>Mon, 01 Jan 2001 00:00:00 +0000</pubDate>
      <guid>https://cse.unl.edu/~netgroup/publication/ramamurthy-design-2001/</guid>
      <description></description>
    </item>
    
    <item>
      <title>Optical communication networks for the next-generation internet</title>
      <link>https://cse.unl.edu/~netgroup/publication/somani-optical-2000/</link>
      <pubDate>Wed, 01 Nov 2000 00:00:00 +0000</pubDate>
      <guid>https://cse.unl.edu/~netgroup/publication/somani-optical-2000/</guid>
      <description></description>
    </item>
    
    <item>
      <title>Virtual topology reconfiguration of wavelength-routed optical WDM networks</title>
      <link>https://cse.unl.edu/~netgroup/publication/ramamurthy-virtual-2000/</link>
      <pubDate>Wed, 01 Nov 2000 00:00:00 +0000</pubDate>
      <guid>https://cse.unl.edu/~netgroup/publication/ramamurthy-virtual-2000/</guid>
      <description></description>
    </item>
    
    <item>
      <title>Design of virtual private networks (VPNs) over optical wavelength-division-multiplexed (WDM) networks</title>
      <link>https://cse.unl.edu/~netgroup/publication/ramamurthy-design-2000/</link>
      <pubDate>Fri, 01 Sep 2000 00:00:00 +0000</pubDate>
      <guid>https://cse.unl.edu/~netgroup/publication/ramamurthy-design-2000/</guid>
      <description></description>
    </item>
    
    <item>
      <title>LSMAC and LSNAT: two approaches for cluster-based scalable Web servers</title>
      <link>https://cse.unl.edu/~netgroup/publication/gan-lsmac-2000/</link>
      <pubDate>Thu, 01 Jun 2000 00:00:00 +0000</pubDate>
      <guid>https://cse.unl.edu/~netgroup/publication/gan-lsmac-2000/</guid>
      <description></description>
    </item>
    
    <item>
      <title>Routing and wavelength assignment with power considerations in optical networks</title>
      <link>https://cse.unl.edu/~netgroup/publication/ali-routing-2000/</link>
      <pubDate>Mon, 01 May 2000 00:00:00 +0000</pubDate>
      <guid>https://cse.unl.edu/~netgroup/publication/ali-routing-2000/</guid>
      <description></description>
    </item>
    
    <item>
      <title>Scalable Web server clustering technologies</title>
      <link>https://cse.unl.edu/~netgroup/publication/schroeder-scalable-2000/</link>
      <pubDate>Mon, 01 May 2000 00:00:00 +0000</pubDate>
      <guid>https://cse.unl.edu/~netgroup/publication/schroeder-scalable-2000/</guid>
      <description></description>
    </item>
    
    <item>
      <title>Impact of Transmission Impairments on the Teletraffic Performance of Wavelength-Routed Optical Networks</title>
      <link>https://cse.unl.edu/~netgroup/publication/ramamurthy-impact-1999/</link>
      <pubDate>Fri, 01 Oct 1999 00:00:00 +0000</pubDate>
      <guid>https://cse.unl.edu/~netgroup/publication/ramamurthy-impact-1999/</guid>
      <description></description>
    </item>
    
    <item>
      <title>Routing algorithms for all-optical networks with power considerations: the unicast case</title>
      <link>https://cse.unl.edu/~netgroup/publication/ali-routing-1999/</link>
      <pubDate>Fri, 01 Oct 1999 00:00:00 +0000</pubDate>
      <guid>https://cse.unl.edu/~netgroup/publication/ali-routing-1999/</guid>
      <description></description>
    </item>
    
    <item>
      <title>SIMON: a simulator for optical networks</title>
      <link>https://cse.unl.edu/~netgroup/publication/ramamurthy-simon-1999/</link>
      <pubDate>Sun, 01 Aug 1999 00:00:00 +0000</pubDate>
      <guid>https://cse.unl.edu/~netgroup/publication/ramamurthy-simon-1999/</guid>
      <description></description>
    </item>
    
    <item>
      <title>Transparent vs. opaque vs. translucent wavelength-routed optical networks</title>
      <link>https://cse.unl.edu/~netgroup/publication/ramamurthy-transparent-1999/</link>
      <pubDate>Mon, 01 Feb 1999 00:00:00 +0000</pubDate>
      <guid>https://cse.unl.edu/~netgroup/publication/ramamurthy-transparent-1999/</guid>
      <description></description>
    </item>
    
    <item>
      <title>Highly available and scalable cluster-based web servers</title>
      <link>https://cse.unl.edu/~netgroup/publication/gan-highly-1999/</link>
      <pubDate>Fri, 01 Jan 1999 00:00:00 +0000</pubDate>
      <guid>https://cse.unl.edu/~netgroup/publication/gan-highly-1999/</guid>
      <description></description>
    </item>
    
    <item>
      <title>Optimizing amplifier placements in a multiwavelength optical LAN/MAN: the unequally powered wavelengths case</title>
      <link>https://cse.unl.edu/~netgroup/publication/ramamurthy-optimizing-1998/</link>
      <pubDate>Tue, 01 Dec 1998 00:00:00 +0000</pubDate>
      <guid>https://cse.unl.edu/~netgroup/publication/ramamurthy-optimizing-1998/</guid>
      <description></description>
    </item>
    
    <item>
      <title>Wavelength conversion in WDM networking</title>
      <link>https://cse.unl.edu/~netgroup/publication/ramamurthy-wavelength-1998/</link>
      <pubDate>Tue, 01 Sep 1998 00:00:00 +0000</pubDate>
      <guid>https://cse.unl.edu/~netgroup/publication/ramamurthy-wavelength-1998/</guid>
      <description></description>
    </item>
    
    <item>
      <title>BER-Based Call Admission in Wavelength-Routed Optical Networks</title>
      <link>https://cse.unl.edu/~netgroup/publication/datta-ber-based-1998/</link>
      <pubDate>Thu, 01 Jan 1998 00:00:00 +0000</pubDate>
      <guid>https://cse.unl.edu/~netgroup/publication/datta-ber-based-1998/</guid>
      <description></description>
    </item>
    
    <item>
      <title>Optical components for WDM lightwave networks</title>
      <link>https://cse.unl.edu/~netgroup/publication/borella-optical-1997/</link>
      <pubDate>Fri, 01 Aug 1997 00:00:00 +0000</pubDate>
      <guid>https://cse.unl.edu/~netgroup/publication/borella-optical-1997/</guid>
      <description></description>
    </item>
    
    <item>
      <title>Minimizing the number of optical amplifiers needed to support a multi-wavelength optical LAN/MAN</title>
      <link>https://cse.unl.edu/~netgroup/publication/ramamurthy-minimizing-1997/</link>
      <pubDate>Tue, 01 Apr 1997 00:00:00 +0000</pubDate>
      <guid>https://cse.unl.edu/~netgroup/publication/ramamurthy-minimizing-1997/</guid>
      <description></description>
    </item>
    
    <item>
      <title>Elimination of all-optical cycles in wavelength-routed optical networks</title>
      <link>https://cse.unl.edu/~netgroup/publication/iness-elimination-1996/</link>
      <pubDate>Sat, 01 Jun 1996 00:00:00 +0000</pubDate>
      <guid>https://cse.unl.edu/~netgroup/publication/iness-elimination-1996/</guid>
      <description></description>
    </item>
    
  </channel>
</rss>
